location_id,state,district,city,locality
1,Andaman and Nicobar Islands,Nicobars,Campbell Bay,Campbell Bay
2,Andaman and Nicobar Islands,Nicobars,Car Nicobar,Car Nicobar
3,Andaman and Nicobar Islands,North and Middle Andaman,Rangat,Rangat
4,Andaman and Nicobar Islands,North and Middle Andaman,Mayabunder,Mayabunder
5,Andaman and Nicobar Islands,North and Middle Andaman,Diglipur,Diglipur
6,Andaman and Nicobar Islands,South Andaman,Prothrapur,Prothrapur
7,Andaman and Nicobar Islands,South Andaman,Bambooflat,Bambooflat
8,Andaman and Nicobar Islands,South Andaman,Port Blair,Port Blair
9,Andhra Pradesh,Alluri Sitharama Raju,Paderu,Paderu
10,Andhra Pradesh,Alluri Sitharama Raju,Rampachodavaram,Rampachodavaram
11,Andhra Pradesh,Anakapalli,Narsipatnam,Narsipatnam
12,Andhra Pradesh,Anakapalli,Yelamanchili,Yelamanchili
13,Andhra Pradesh,Anakapalli,Anakapalli,Anakapalli
14,Andhra Pradesh,Ananthapuramu,Anantapur,Anantapur
15,Andhra Pradesh,Ananthapuramu,Dharmavaram,Dharmavaram
16,Andhra Pradesh,Ananthapuramu,Hindupur,Hindupur
17,Andhra Pradesh,Ananthapuramu,Guntakal,Guntakal
18,Andhra Pradesh,Annamayya,Rajampet,Rajampet
19,Andhra Pradesh,Annamayya,Rayachoti,Rayachoti
20,Andhra Pradesh,Annamayya,Pulivendla,Pulivendla
21,Andhra Pradesh,Bapatla,Bapatla,Bapatla
22,Andhra Pradesh,Bapatla,Chirala,Chirala
23,Andhra Pradesh,Bapatla,Repalle,Repalle
24,Andhra Pradesh,Chittoor,Srikalahasti,Srikalahasti
25,Andhra Pradesh,Chittoor,Chittoor,Chittoor
26,Andhra Pradesh,Chittoor,Madanapalle,Madanapalle
27,Andhra Pradesh,Chittoor,Tirupati,Tirupati
28,Andhra Pradesh,Dr. B.R. Ambedkar Konaseema,Amalapuram,Amalapuram
29,Andhra Pradesh,Dr. B.R. Ambedkar Konaseema,Razole,Razole
30,Andhra Pradesh,East Godavari,Amalapuram,Amalapuram
31,Andhra Pradesh,East Godavari,Ramachandrapuram,Ramachandrapuram
32,Andhra Pradesh,East Godavari,Rajahmundry,Rajahmundry
33,Andhra Pradesh,East Godavari,Peddapuram,Peddapuram
34,Andhra Pradesh,Eluru,Eluru,Eluru
35,Andhra Pradesh,Eluru,Kovvur,Kovvur
36,Andhra Pradesh,Eluru,Jangareddygudem,Jangareddygudem
37,Andhra Pradesh,Guntur,Tenali,Tenali
38,Andhra Pradesh,Guntur,Guntur,Guntur
39,Andhra Pradesh,Guntur,Sattenapalle,Sattenapalle
40,Andhra Pradesh,Guntur,Mangalagiri,Mangalagiri
41,Andhra Pradesh,Kakinada,Kakinada,Kakinada
42,Andhra Pradesh,Kakinada,Pithapuram,Pithapuram
43,Andhra Pradesh,Kakinada,Samalkot,Samalkot
44,Andhra Pradesh,Krishna,Gudivada,Gudivada
45,Andhra Pradesh,Krishna,Vijayawada,Vijayawada
46,Andhra Pradesh,Krishna,Nuzvid,Nuzvid
47,Andhra Pradesh,Krishna,Machilipatnam,Machilipatnam
48,Andhra Pradesh,Kurnool,Kurnool,Kurnool
49,Andhra Pradesh,Kurnool,Nandyal,Nandyal
50,Andhra Pradesh,Kurnool,Adoni,Adoni
51,Andhra Pradesh,Kurnool,Yemmiganur,Yemmiganur
52,Andhra Pradesh,Manyam,Parvathipuram,Parvathipuram
53,Andhra Pradesh,Nandyal,Allagadda,Allagadda
54,Andhra Pradesh,Nandyal,Nandyal,Nandyal
55,Andhra Pradesh,Nandyal,Atmakur,Atmakur
56,Andhra Pradesh,NTR,Nandigama,Nandigama
57,Andhra Pradesh,NTR,Vijayawada,Vijayawada
58,Andhra Pradesh,Palnadu,Narasaraopet,Narasaraopet
59,Andhra Pradesh,Palnadu,Gurazala,Gurazala
60,Andhra Pradesh,Prakasam,Markapur,Markapur
61,Andhra Pradesh,Prakasam,Giddalur,Giddalur
62,Andhra Pradesh,Prakasam,Ongole,Ongole
63,Andhra Pradesh,Prakasam,Chirala,Chirala
64,Andhra Pradesh,Sri Potti Sriramulu Nellore,Nellore,Nellore
65,Andhra Pradesh,Sri Potti Sriramulu Nellore,Sullurpeta,Sullurpeta
66,Andhra Pradesh,Sri Potti Sriramulu Nellore,Kavali,Kavali
67,Andhra Pradesh,Sri Potti Sriramulu Nellore,Gudur,Gudur
68,Andhra Pradesh,Sri Sathya Sai,Puttaparthi,Puttaparthi
69,Andhra Pradesh,Sri Sathya Sai,Hindupur,Hindupur
70,Andhra Pradesh,Srikakulam,Palasa,Palasa
71,Andhra Pradesh,Srikakulam,Narasannapeta,Narasannapeta
72,Andhra Pradesh,Srikakulam,Srikakulam,Srikakulam
73,Andhra Pradesh,Tirupati,Chandragiri,Chandragiri
74,Andhra Pradesh,Tirupati,Srikalahasti,Srikalahasti
75,Andhra Pradesh,Tirupati,Tirupati,Tirupati
76,Andhra Pradesh,Visakhapatnam,Gajuwaka,Gajuwaka
77,Andhra Pradesh,Visakhapatnam,Bheemunipatnam,Bheemunipatnam
78,Andhra Pradesh,Visakhapatnam,Anakapalle,Anakapalle
79,Andhra Pradesh,Visakhapatnam,Visakhapatnam,Visakhapatnam
80,Andhra Pradesh,Vizianagaram,Parvathipuram,Parvathipuram
81,Andhra Pradesh,Vizianagaram,Vizianagaram,Vizianagaram
82,Andhra Pradesh,Vizianagaram,Bobbili,Bobbili
83,Andhra Pradesh,West Godavari,Eluru,Eluru
84,Andhra Pradesh,West Godavari,Palakol,Palakol
85,Andhra Pradesh,West Godavari,Bhimavaram,Bhimavaram
86,Andhra Pradesh,West Godavari,Tadepalligudem,Tadepalligudem
87,Andhra Pradesh,Y.S.R. Kadapa,Rajampet,Rajampet
88,Andhra Pradesh,Y.S.R. Kadapa,Proddatur,Proddatur
89,Andhra Pradesh,Y.S.R. Kadapa,Pulivendla,Pulivendla
90,Andhra Pradesh,Y.S.R. Kadapa,Kadapa,Kadapa
91,Arunachal Pradesh,Anjaw,Anjaw,Anjaw
92,Arunachal Pradesh,Bichom,Bichom,Bichom
93,Arunachal Pradesh,Changlang,Changlang,Changlang
94,Arunachal Pradesh,Dibang Valley,Dibang Valley,Dibang Valley
95,Arunachal Pradesh,East Kameng,East Kameng,East Kameng
96,Arunachal Pradesh,East Siang,East Siang,East Siang
97,Arunachal Pradesh,Kamle,Kamle,Kamle
98,Arunachal Pradesh,Keyi Panyor,Keyi Panyor,Keyi Panyor
99,Arunachal Pradesh,Kra Daadi,Kra Daadi,Kra Daadi
100,Arunachal Pradesh,Kurung Kumey,Kurung Kumey,Kurung Kumey
101,Arunachal Pradesh,Lepa Rada,Lepa Rada,Lepa Rada
102,Arunachal Pradesh,Lohit,Lohit,Lohit
103,Arunachal Pradesh,Longding,Longding,Longding
104,Arunachal Pradesh,Lower Dibang Valley,Lower Dibang Valley,Lower Dibang Valley
105,Arunachal Pradesh,Lower Siang,Lower Siang,Lower Siang
106,Arunachal Pradesh,Lower Subansiri,Lower Subansiri,Lower Subansiri
107,Arunachal Pradesh,Namsai,Namsai,Namsai
108,Arunachal Pradesh,Pakke Kessang,Pakke Kessang,Pakke Kessang
109,Arunachal Pradesh,Papum Pare,Papum Pare,Papum Pare
110,Arunachal Pradesh,Shi Yomi,Shi Yomi,Shi Yomi
111,Arunachal Pradesh,Siang,Siang,Siang
112,Arunachal Pradesh,Tawang,Tawang,Tawang
113,Arunachal Pradesh,Tirap,Tirap,Tirap
114,Arunachal Pradesh,Upper Siang,Upper Siang,Upper Siang
115,Arunachal Pradesh,Upper Subansiri,Upper Subansiri,Upper Subansiri
116,Arunachal Pradesh,West Kameng,West Kameng,West Kameng
117,Arunachal Pradesh,West Siang,West Siang,West Siang
118,Assam,Bajali,Pathsala,Pathsala
119,Assam,Baksa,Mushalpur,Mushalpur
120,Assam,Barpeta,Barpeta Road,Barpeta Road
121,Assam,Barpeta,Barpeta,Barpeta
122,Assam,Barpeta,Howly,Howly
123,Assam,Biswanath,Biswanath Chariali,Biswanath Chariali
124,Assam,Bongaigaon,Bijni,Bijni
125,Assam,Bongaigaon,Bongaigaon,Bongaigaon
126,Assam,Cachar,Lakhipur,Lakhipur
127,Assam,Cachar,Sonai,Sonai
128,Assam,Cachar,Silchar,Silchar
129,Assam,Charaideo,Sonari,Sonari
130,Assam,Chirang,Kajalgaon,Kajalgaon
131,Assam,Darrang,Mangaldai,Mangaldai
132,Assam,Darrang,Kharupetia,Kharupetia
133,Assam,Dhemaji,Jonai,Jonai
134,Assam,Dhemaji,Dhemaji,Dhemaji
135,Assam,Dhubri,Dhubri,Dhubri
136,Assam,Dhubri,Bilasipara,Bilasipara
137,Assam,Dibrugarh,Duliajan,Duliajan
138,Assam,Dibrugarh,Dibrugarh,Dibrugarh
139,Assam,Dibrugarh,Moran,Moran
140,Assam,Dibrugarh,Naharkatia,Naharkatia
141,Assam,Dima Hasao,Haflong,Haflong
142,Assam,Goalpara,Goalpara,Goalpara
143,Assam,Goalpara,Dudhnoi,Dudhnoi
144,Assam,Golaghat,Golaghat,Golaghat
145,Assam,Golaghat,Sarupathar,Sarupathar
146,Assam,Hailakandi,Hailakandi,Hailakandi
147,Assam,Hailakandi,Lala,Lala
148,Assam,Hojai,Hojai,Hojai
149,Assam,Hojai,Lumding,Lumding
150,Assam,Jorhat,Mariani,Mariani
151,Assam,Jorhat,Titabor,Titabor
152,Assam,Jorhat,Jorhat,Jorhat
153,Assam,Kamrup,Nalbari,Nalbari
154,Assam,Kamrup,Boko,Boko
155,Assam,Kamrup,Rangia,Rangia
156,Assam,Kamrup Metropolitan,Guwahati,Guwahati
157,Assam,Kamrup Metropolitan,Maligaon,Maligaon
158,Assam,Kamrup Metropolitan,Jalukbari,Jalukbari
159,Assam,Kamrup Metropolitan,Dispur,Dispur
160,Assam,Karbi Anglong,Diphu,Diphu
161,Assam,Karbi Anglong,Bokajan,Bokajan
162,Assam,Karimganj,Badarpur,Badarpur
163,Assam,Karimganj,Karimganj,Karimganj
164,Assam,Kokrajhar,Gossaigaon,Gossaigaon
165,Assam,Kokrajhar,Kokrajhar,Kokrajhar
166,Assam,Lakhimpur,North Lakhimpur,North Lakhimpur
167,Assam,Lakhimpur,Dhakuakhana,Dhakuakhana
168,Assam,Majuli,Garamur,Garamur
169,Assam,Morigaon,Morigaon,Morigaon
170,Assam,Nalbari,Nalbari,Nalbari
171,Assam,Sivasagar,Sonari,Sonari
172,Assam,Sivasagar,Sivasagar,Sivasagar
173,Assam,Sivasagar,Nazira,Nazira
174,Assam,Sonitpur,Tezpur,Tezpur
175,Assam,Sonitpur,Dhekiajuli,Dhekiajuli
176,Assam,Sonitpur,Biswanath Chariali,Biswanath Chariali
177,Assam,South Salmara-Mankachar,Mankachar,Mankachar
178,Assam,Tamulpur,Tamulpur,Tamulpur
179,Assam,Tinsukia,Digboi,Digboi
180,Assam,Tinsukia,Tinsukia,Tinsukia
181,Assam,Tinsukia,Margherita,Margherita
182,Assam,Udalguri,Udalguri,Udalguri
183,Assam,West Karbi Anglong,Hamren,Hamren
184,Bihar,Araria,Forbesganj,Forbesganj
185,Bihar,Araria,Araria,Araria
186,Bihar,Arwal,Arwal,Arwal
187,Bihar,Aurangabad,Aurangabad,Aurangabad
188,Bihar,Aurangabad,Paithan,Paithan
189,Bihar,Aurangabad,Jalna,Jalna
190,Bihar,Banka,Banka,Banka
191,Bihar,Begusarai,Begusarai,Begusarai
192,Bihar,Begusarai,Barauni,Barauni
193,Bihar,Bhagalpur,Kahalgaon,Kahalgaon
194,Bihar,Bhagalpur,Bhagalpur,Bhagalpur
195,Bihar,Bhojpur,Arrah,Arrah
196,Bihar,Buxar,Buxar,Buxar
197,Bihar,Darbhanga,Samastipur,Samastipur
198,Bihar,Darbhanga,Darbhanga,Darbhanga
199,Bihar,East Champaran,East Champaran,East Champaran
200,Bihar,Gaya,Bodh Gaya,Bodh Gaya
201,Bihar,Gaya,Sherghati,Sherghati
202,Bihar,Gaya,Gaya,Gaya
203,Bihar,Gopalganj,Gopalganj,Gopalganj
204,Bihar,Jamui,Jamui,Jamui
205,Bihar,Jehanabad,Jehanabad,Jehanabad
206,Bihar,Kaimur,Bhabua,Bhabua
207,Bihar,Katihar,Katihar,Katihar
208,Bihar,Khagaria,Khagaria,Khagaria
209,Bihar,Kishanganj,Kishanganj,Kishanganj
210,Bihar,Lakhisarai,Lakhisarai,Lakhisarai
211,Bihar,Madhepura,Madhepura,Madhepura
212,Bihar,Madhubani,Madhubani,Madhubani
213,Bihar,Madhubani,Jaynagar,Jaynagar
214,Bihar,Munger,Jamalpur,Jamalpur
215,Bihar,Munger,Munger,Munger
216,Bihar,Muzaffarpur,Motihari,Motihari
217,Bihar,Muzaffarpur,Muzaffarpur,Muzaffarpur
218,Bihar,Nalanda,Hilsa,Hilsa
219,Bihar,Nalanda,Bihar Sharif,Bihar Sharif
220,Bihar,Nalanda,Rajgir,Rajgir
221,Bihar,Nawada,Nawada,Nawada
222,Bihar,Patna,Patna,Patna
223,Bihar,Patna,Khagaul,Khagaul
224,Bihar,Patna,Danapur,Danapur
225,Bihar,Patna,Phulwarisharif,Phulwarisharif
226,Bihar,Patna,Hajipur,Hajipur
227,Bihar,Purnia,Katihar,Katihar
228,Bihar,Purnia,Purnia,Purnia
229,Bihar,Rohtas,Dehri,Dehri
230,Bihar,Rohtas,Sasaram,Sasaram
231,Bihar,Rohtas,Bikramganj,Bikramganj
232,Bihar,Saharsa,Saharsa,Saharsa
233,Bihar,Samastipur,Samastipur,Samastipur
234,Bihar,Saran,Chapra,Chapra
235,Bihar,Saran,Siwan,Siwan
236,Bihar,Sheikhpura,Sheikhpura,Sheikhpura
237,Bihar,Sheohar,Sheohar,Sheohar
238,Bihar,Sitamarhi,Sitamarhi,Sitamarhi
239,Bihar,Siwan,Siwan,Siwan
240,Bihar,Supaul,Supaul,Supaul
241,Bihar,Vaishali,Hajipur,Hajipur
242,Bihar,Vaishali,Lalganj,Lalganj
243,Bihar,West Champaran,Bettiah,Bettiah
244,Bihar,West Champaran,Narkatiaganj,Narkatiaganj
245,Chandigarh,Chandigarh,Sector 22,Sector 22
246,Chandigarh,Chandigarh,Manimajra,Manimajra
247,Chandigarh,Chandigarh,Chandigarh,Chandigarh
248,Chandigarh,Chandigarh,Panchkula,Panchkula
249,Chandigarh,Chandigarh,Sector 17,Sector 17
250,Chhattisgarh,Balod,Balod,Balod
251,Chhattisgarh,Baloda Bazar,Baloda Bazar,Baloda Bazar
252,Chhattisgarh,Balrampur,Balrampur,Balrampur
253,Chhattisgarh,Bastar,Jagdalpur,Jagdalpur
254,Chhattisgarh,Bastar,Kondagaon,Kondagaon
255,Chhattisgarh,Bemetara,Bemetara,Bemetara
256,Chhattisgarh,Bijapur,Bijapur,Bijapur
257,Chhattisgarh,Bilaspur,Bilaspur,Bilaspur
258,Chhattisgarh,Bilaspur,Ghumarwin,Ghumarwin
259,Chhattisgarh,Dantewada,Dantewada,Dantewada
260,Chhattisgarh,Dhamtari,Dhamtari,Dhamtari
261,Chhattisgarh,Durg,Rajnandgaon,Rajnandgaon
262,Chhattisgarh,Durg,Durg,Durg
263,Chhattisgarh,Durg,Bhilai,Bhilai
264,Chhattisgarh,Gariaband,Gariaband,Gariaband
265,Chhattisgarh,Gaurela-Pendra-Marwahi,Gaurela,Gaurela
266,Chhattisgarh,Janjgir-Champa,Champa,Champa
267,Chhattisgarh,Janjgir-Champa,Janjgir,Janjgir
268,Chhattisgarh,Jashpur,Jashpur,Jashpur
269,Chhattisgarh,Kabirdham,Kawardha,Kawardha
270,Chhattisgarh,Kanker,Kanker,Kanker
271,Chhattisgarh,Khairagarh-Chhuikhadan-Gandai,Khairagarh,Khairagarh
272,Chhattisgarh,Kondagaon,Kondagaon,Kondagaon
273,Chhattisgarh,Korba,Korba,Korba
274,Chhattisgarh,Korba,Champa,Champa
275,Chhattisgarh,Koriya,Koriya,Koriya
276,Chhattisgarh,Mahasamund,Mahasamund,Mahasamund
277,Chhattisgarh,Manendragarh-Chirmiri-Bharatpur,Manendragarh,Manendragarh
278,Chhattisgarh,Mohla-Manpur-Ambagarh Chouki,Mohla,Mohla
279,Chhattisgarh,Mungeli,Mungeli,Mungeli
280,Chhattisgarh,Narayanpur,Narayanpur,Narayanpur
281,Chhattisgarh,Raigarh,Sarangarh,Sarangarh
282,Chhattisgarh,Raigarh,Raigarh,Raigarh
283,Chhattisgarh,Raipur,Raipur,Raipur
284,Chhattisgarh,Raipur,Abhanpur,Abhanpur
285,Chhattisgarh,Raipur,Arang,Arang
286,Chhattisgarh,Rajnandgaon,Dongargarh,Dongargarh
287,Chhattisgarh,Rajnandgaon,Rajnandgaon,Rajnandgaon
288,Chhattisgarh,Sakti,Sakti,Sakti
289,Chhattisgarh,Sarangarh-Bilaigarh,Sarangarh,Sarangarh
290,Chhattisgarh,Sukma,Sukma,Sukma
291,Chhattisgarh,Surajpur,Surajpur,Surajpur
292,Chhattisgarh,Surguja,Ambikapur,Ambikapur
293,Chhattisgarh,Surguja,Surajpur,Surajpur
294,Dadra and Nagar Haveli and Daman and Diu,Dadra and Nagar Haveli,Amli,Amli
295,Dadra and Nagar Haveli and Daman and Diu,Dadra and Nagar Haveli,Silvassa,Silvassa
296,Dadra and Nagar Haveli and Daman and Diu,Daman,Daman,Daman
297,Dadra and Nagar Haveli and Daman and Diu,Daman,Nani Daman,Nani Daman
298,Dadra and Nagar Haveli and Daman and Diu,Diu,Diu,Diu
299,Delhi,Central Delhi,Connaught Place,Connaught Place
300,Delhi,Central Delhi,Karol Bagh,Karol Bagh
301,Delhi,Central Delhi,Paharganj,Paharganj
302,Delhi,Central Delhi,Darya Ganj,Darya Ganj
303,Delhi,East Delhi,Vivek Vihar,Vivek Vihar
304,Delhi,East Delhi,Shakarpur,Shakarpur
305,Delhi,East Delhi,Laxmi Nagar,Laxmi Nagar
306,Delhi,East Delhi,Preet Vihar,Preet Vihar
307,Delhi,New Delhi,New Delhi,New Delhi
308,Delhi,New Delhi,RK Puram,RK Puram
309,Delhi,New Delhi,Chanakyapuri,Chanakyapuri
310,Delhi,New Delhi,Sarojini Nagar,Sarojini Nagar
311,Delhi,North Delhi,Mukherjee Nagar,Mukherjee Nagar
312,Delhi,North Delhi,Model Town,Model Town
313,Delhi,North Delhi,Burari,Burari
314,Delhi,North Delhi,GTB Nagar,GTB Nagar
315,Delhi,North East Delhi,Mustafabad,Mustafabad
316,Delhi,North East Delhi,Seelampur,Seelampur
317,Delhi,North East Delhi,Yamuna Vihar,Yamuna Vihar
318,Delhi,North West Delhi,Shalimar Bagh,Shalimar Bagh
319,Delhi,North West Delhi,Bawana,Bawana
320,Delhi,North West Delhi,Pitampura,Pitampura
321,Delhi,North West Delhi,Rohini,Rohini
322,Delhi,Shahdara,Shahdara,Shahdara
323,Delhi,Shahdara,Dilshad Garden,Dilshad Garden
324,Delhi,Shahdara,Krishna Nagar,Krishna Nagar
325,Delhi,South Delhi,Hauz Khas,Hauz Khas
326,Delhi,South Delhi,Greater Kailash,Greater Kailash
327,Delhi,South Delhi,Saket,Saket
328,Delhi,South Delhi,Lajpat Nagar,Lajpat Nagar
329,Delhi,South Delhi,Vasant Kunj,Vasant Kunj
330,Delhi,South East Delhi,Jamia Nagar,Jamia Nagar
331,Delhi,South East Delhi,Kalkaji,Kalkaji
332,Delhi,South East Delhi,Okhla,Okhla
333,Delhi,South West Delhi,Janakpuri,Janakpuri
334,Delhi,South West Delhi,Dwarka,Dwarka
335,Delhi,South West Delhi,Najafgarh,Najafgarh
336,Delhi,South West Delhi,Uttam Nagar,Uttam Nagar
337,Delhi,West Delhi,Rajouri Garden,Rajouri Garden
338,Delhi,West Delhi,Paschim Vihar,Paschim Vihar
339,Delhi,West Delhi,Punjabi Bagh,Punjabi Bagh
340,Delhi,West Delhi,Tilak Nagar,Tilak Nagar
341,Goa,North Goa,Mapusa,Mapusa
342,Goa,North Goa,Pernem,Pernem
343,Goa,North Goa,Candolim,Candolim
344,Goa,North Goa,Calangute,Calangute
345,Goa,North Goa,Panaji,Panaji
346,Goa,South Goa,Vasco da Gama,Vasco da Gama
347,Goa,South Goa,Ponda,Ponda
348,Goa,South Goa,Margao,Margao
349,Goa,South Goa,Quepem,Quepem
350,Goa,Kushavati,Kushavati,Kushavati
351,Gujarat,Ahmedabad,Chandkheda,Chandkheda
352,Gujarat,Ahmedabad,Naroda,Naroda
353,Gujarat,Ahmedabad,Ahmedabad,Ahmedabad
354,Gujarat,Ahmedabad,Maninagar,Maninagar
355,Gujarat,Ahmedabad,Satellite,Satellite
356,Gujarat,Ahmedabad,Odhav,Odhav
357,Gujarat,Amreli,Savarkundla,Savarkundla
358,Gujarat,Amreli,Amreli,Amreli
359,Gujarat,Anand,Vallabh Vidyanagar,Vallabh Vidyanagar
360,Gujarat,Anand,Nadiad,Nadiad
361,Gujarat,Anand,Anand,Anand
362,Gujarat,Aravalli,Modasa,Modasa
363,Gujarat,Banaskantha,Deesa,Deesa
364,Gujarat,Banaskantha,Palanpur,Palanpur
365,Gujarat,Bharuch,Bharuch,Bharuch
366,Gujarat,Bharuch,Ankleshwar,Ankleshwar
367,Gujarat,Bharuch,Dahej,Dahej
368,Gujarat,Bhavnagar,Palitana,Palitana
369,Gujarat,Bhavnagar,Mahuva,Mahuva
370,Gujarat,Bhavnagar,Bhavnagar,Bhavnagar
371,Gujarat,Botad,Botad,Botad
372,Gujarat,Chhota Udaipur,Chhota Udaipur,Chhota Udaipur
373,Gujarat,Dahod,Dahod,Dahod
374,Gujarat,Dang,Ahwa,Ahwa
375,Gujarat,Devbhumi Dwarka,Dwarka,Dwarka
376,Gujarat,Devbhumi Dwarka,Khambhalia,Khambhalia
377,Gujarat,Gandhinagar,Kalol,Kalol
378,Gujarat,Gandhinagar,Mansa,Mansa
379,Gujarat,Gandhinagar,Gandhinagar,Gandhinagar
380,Gujarat,Gir Somnath,Veraval,Veraval
381,Gujarat,Gir Somnath,Somnath,Somnath
382,Gujarat,Jamnagar,Jamnagar,Jamnagar
383,Gujarat,Jamnagar,Dwarka,Dwarka
384,Gujarat,Junagadh,Junagadh,Junagadh
385,Gujarat,Junagadh,Veraval,Veraval
386,Gujarat,Junagadh,Keshod,Keshod
387,Gujarat,Kutch,Anjar,Anjar
388,Gujarat,Kutch,Mundra,Mundra
389,Gujarat,Kutch,Gandhidham,Gandhidham
390,Gujarat,Kutch,Bhuj,Bhuj
391,Gujarat,Kheda,Kheda,Kheda
392,Gujarat,Kheda,Nadiad,Nadiad
393,Gujarat,Mahisagar,Lunawada,Lunawada
394,Gujarat,Mehsana,Visnagar,Visnagar
395,Gujarat,Mehsana,Unjha,Unjha
396,Gujarat,Mehsana,Mehsana,Mehsana
397,Gujarat,Morbi,Morbi,Morbi
398,Gujarat,Morbi,Wankaner,Wankaner
399,Gujarat,Narmada,Rajpipla,Rajpipla
400,Gujarat,Navsari,Navsari,Navsari
401,Gujarat,Navsari,Bilimora,Bilimora
402,Gujarat,Panchmahal,Godhra,Godhra
403,Gujarat,Patan,Siddhpur,Siddhpur
404,Gujarat,Patan,Patan,Patan
405,Gujarat,Porbandar,Porbandar,Porbandar
406,Gujarat,Rajkot,Jetpur,Jetpur
407,Gujarat,Rajkot,Gondal,Gondal
408,Gujarat,Rajkot,Rajkot,Rajkot
409,Gujarat,Rajkot,Wankaner,Wankaner
410,Gujarat,Sabarkantha,Himmatnagar,Himmatnagar
411,Gujarat,Surat,Bardoli,Bardoli
412,Gujarat,Surat,Olpad,Olpad
413,Gujarat,Surat,Surat,Surat
414,Gujarat,Surendranagar,Dhrangadhra,Dhrangadhra
415,Gujarat,Surendranagar,Surendranagar,Surendranagar
416,Gujarat,Tapi,Vyara,Vyara
417,Gujarat,Vadodara,Vadodara,Vadodara
418,Gujarat,Vadodara,Padra,Padra
419,Gujarat,Vadodara,Karjan,Karjan
420,Gujarat,Valsad,Valsad,Valsad
421,Gujarat,Valsad,Vapi,Vapi
422,Gujarat,Valsad,Umbergaon,Umbergaon
423,Haryana,Ambala,Naraingarh,Naraingarh
424,Haryana,Ambala,Ambala Cantt,Ambala Cantt
425,Haryana,Ambala,Ambala,Ambala
426,Haryana,Bhiwani,Bhiwani,Bhiwani
427,Haryana,Bhiwani,Charkhi Dadri,Charkhi Dadri
428,Haryana,Charkhi Dadri,Charkhi Dadri,Charkhi Dadri
429,Haryana,Faridabad,Ballabhgarh,Ballabhgarh
430,Haryana,Faridabad,Faridabad,Faridabad
431,Haryana,Fatehabad,Fatehabad,Fatehabad
432,Haryana,Fatehabad,Tohana,Tohana
433,Haryana,Gurugram,Sohna,Sohna
434,Haryana,Gurugram,Gurugram,Gurugram
435,Haryana,Gurugram,Manesar,Manesar
436,Haryana,Hisar,Fatehabad,Fatehabad
437,Haryana,Hisar,Hisar,Hisar
438,Haryana,Hisar,Hansi,Hansi
439,Haryana,Jhajjar,Jhajjar,Jhajjar
440,Haryana,Jhajjar,Bahadurgarh,Bahadurgarh
441,Haryana,Jind,Narwana,Narwana
442,Haryana,Jind,Jind,Jind
443,Haryana,Kaithal,Kaithal,Kaithal
444,Haryana,Kaithal,Guhla,Guhla
445,Haryana,Karnal,Panipat,Panipat
446,Haryana,Karnal,Karnal,Karnal
447,Haryana,Kurukshetra,Thanesar,Thanesar
448,Haryana,Kurukshetra,Kurukshetra,Kurukshetra
449,Haryana,Mahendragarh,Mahendragarh,Mahendragarh
450,Haryana,Mahendragarh,Narnaul,Narnaul
451,Haryana,Nuh,Punhana,Punhana
452,Haryana,Nuh,Nuh,Nuh
453,Haryana,Palwal,Hodal,Hodal
454,Haryana,Palwal,Palwal,Palwal
455,Haryana,Panchkula,Panchkula,Panchkula
456,Haryana,Panchkula,Kalka,Kalka
457,Haryana,Panipat,Panipat,Panipat
458,Haryana,Rewari,Rewari,Rewari
459,Haryana,Rewari,Dharuhera,Dharuhera
460,Haryana,Rohtak,Rohtak,Rohtak
461,Haryana,Rohtak,Bahadurgarh,Bahadurgarh
462,Haryana,Sirsa,Ellenabad,Ellenabad
463,Haryana,Sirsa,Sirsa,Sirsa
464,Haryana,Sonipat,Gohana,Gohana
465,Haryana,Sonipat,Sonipat,Sonipat
466,Haryana,Yamunanagar,Yamunanagar,Yamunanagar
467,Haryana,Yamunanagar,Jagadhri,Jagadhri
468,Himachal Pradesh,Bilaspur,Bilaspur,Bilaspur
469,Himachal Pradesh,Bilaspur,Ghumarwin,Ghumarwin
470,Himachal Pradesh,Chamba,Dalhousie,Dalhousie
471,Himachal Pradesh,Chamba,Chamba,Chamba
472,Himachal Pradesh,Hamirpur,Hamirpur,Hamirpur
473,Himachal Pradesh,Kangra,Dharamsala,Dharamsala
474,Himachal Pradesh,Kangra,Palampur,Palampur
475,Himachal Pradesh,Kangra,Kangra,Kangra
476,Himachal Pradesh,Kangra,Nurpur,Nurpur
477,Himachal Pradesh,Kinnaur,Reckong Peo,Reckong Peo
478,Himachal Pradesh,Kullu,Banjar,Banjar
479,Himachal Pradesh,Kullu,Manali,Manali
480,Himachal Pradesh,Kullu,Kullu,Kullu
481,Himachal Pradesh,Lahaul and Spiti,Kaza,Kaza
482,Himachal Pradesh,Lahaul and Spiti,Keylong,Keylong
483,Himachal Pradesh,Mandi,Jogindernagar,Jogindernagar
484,Himachal Pradesh,Mandi,Sundernagar,Sundernagar
485,Himachal Pradesh,Mandi,Mandi,Mandi
486,Himachal Pradesh,Shimla,Narkanda,Narkanda
487,Himachal Pradesh,Shimla,Shimla,Shimla
488,Himachal Pradesh,Shimla,Rampur,Rampur
489,Himachal Pradesh,Sirmaur,Paonta Sahib,Paonta Sahib
490,Himachal Pradesh,Sirmaur,Nahan,Nahan
491,Himachal Pradesh,Solan,Solan,Solan
492,Himachal Pradesh,Solan,Baddi,Baddi
493,Himachal Pradesh,Solan,Kasauli,Kasauli
494,Himachal Pradesh,Una,Amb,Amb
495,Himachal Pradesh,Una,Una,Una
496,Jammu and Kashmir,Anantnag,Anantnag,Anantnag
497,Jammu and Kashmir,Anantnag,Pahalgam,Pahalgam
498,Jammu and Kashmir,Bandipora,Bandipora,Bandipora
499,Jammu and Kashmir,Baramulla,Sopore,Sopore
500,Jammu and Kashmir,Baramulla,Baramulla,Baramulla
501,Jammu and Kashmir,Budgam,Budgam,Budgam
502,Jammu and Kashmir,Budgam,Chadoora,Chadoora
503,Jammu and Kashmir,Doda,Doda,Doda
504,Jammu and Kashmir,Doda,Bhaderwah,Bhaderwah
505,Jammu and Kashmir,Ganderbal,Ganderbal,Ganderbal
506,Jammu and Kashmir,Jammu,Bishnah,Bishnah
507,Jammu and Kashmir,Jammu,Akhnoor,Akhnoor
508,Jammu and Kashmir,Jammu,Jammu,Jammu
509,Jammu and Kashmir,Kathua,Hiranagar,Hiranagar
510,Jammu and Kashmir,Kathua,Kathua,Kathua
511,Jammu and Kashmir,Kishtwar,Kishtwar,Kishtwar
512,Jammu and Kashmir,Kulgam,Kulgam,Kulgam
513,Jammu and Kashmir,Kupwara,Kupwara,Kupwara
514,Jammu and Kashmir,Kupwara,Handwara,Handwara
515,Jammu and Kashmir,Poonch,Poonch,Poonch
516,Jammu and Kashmir,Pulwama,Pulwama,Pulwama
517,Jammu and Kashmir,Pulwama,Shopian,Shopian
518,Jammu and Kashmir,Rajouri,Rajouri,Rajouri
519,Jammu and Kashmir,Rajouri,Nowshera,Nowshera
520,Jammu and Kashmir,Ramban,Ramban,Ramban
521,Jammu and Kashmir,Reasi,Reasi,Reasi
522,Jammu and Kashmir,Samba,Samba,Samba
523,Jammu and Kashmir,Shopian,Shopian,Shopian
524,Jammu and Kashmir,Srinagar,Anantnag,Anantnag
525,Jammu and Kashmir,Srinagar,Srinagar,Srinagar
526,Jammu and Kashmir,Udhampur,Ramnagar,Ramnagar
527,Jammu and Kashmir,Udhampur,Udhampur,Udhampur
528,Jharkhand,Bokaro,Chas,Chas
529,Jharkhand,Bokaro,Bokaro Steel City,Bokaro Steel City
530,Jharkhand,Chatra,Chatra,Chatra
531,Jharkhand,Deoghar,Deoghar,Deoghar
532,Jharkhand,Dhanbad,Dhanbad,Dhanbad
533,Jharkhand,Dhanbad,Sindri,Sindri
534,Jharkhand,Dhanbad,Jharia,Jharia
535,Jharkhand,Dumka,Dumka,Dumka
536,Jharkhand,East Singhbhum,Jamshedpur,Jamshedpur
537,Jharkhand,East Singhbhum,Mango,Mango
538,Jharkhand,East Singhbhum,Jugsalai,Jugsalai
539,Jharkhand,East Singhbhum,Adityapur,Adityapur
540,Jharkhand,Garhwa,Garhwa,Garhwa
541,Jharkhand,Giridih,Giridih,Giridih
542,Jharkhand,Godda,Godda,Godda
543,Jharkhand,Gumla,Gumla,Gumla
544,Jharkhand,Hazaribagh,Hazaribagh,Hazaribagh
545,Jharkhand,Hazaribagh,Ramgarh,Ramgarh
546,Jharkhand,Jamtara,Jamtara,Jamtara
547,Jharkhand,Khunti,Khunti,Khunti
548,Jharkhand,Koderma,Koderma,Koderma
549,Jharkhand,Latehar,Latehar,Latehar
550,Jharkhand,Lohardaga,Lohardaga,Lohardaga
551,Jharkhand,Pakur,Pakur,Pakur
552,Jharkhand,Palamu,Daltonganj,Daltonganj
553,Jharkhand,Ramgarh,Ramgarh,Ramgarh
554,Jharkhand,Ranchi,Ranchi,Ranchi
555,Jharkhand,Ranchi,Namkum,Namkum
556,Jharkhand,Ranchi,Hatia,Hatia
557,Jharkhand,Sahibganj,Sahibganj,Sahibganj
558,Jharkhand,Seraikela Kharsawan,Seraikela,Seraikela
559,Jharkhand,Simdega,Simdega,Simdega
560,Jharkhand,West Singhbhum,Chaibasa,Chaibasa
561,Jharkhand,West Singhbhum,Chakradharpur,Chakradharpur
562,Karnataka,Bagalkot,Bagalkot,Bagalkot
563,Karnataka,Bagalkot,Mudhol,Mudhol
564,Karnataka,Ballari,Hospet,Hospet
565,Karnataka,Ballari,Ballari,Ballari
566,Karnataka,Belagavi,Chikodi,Chikodi
567,Karnataka,Belagavi,Gokak,Gokak
568,Karnataka,Belagavi,Belagavi,Belagavi
569,Karnataka,Bengaluru Rural,Hoskote,Hoskote
570,Karnataka,Bengaluru Rural,Doddaballapur,Doddaballapur
571,Karnataka,Bengaluru Rural,Devanahalli,Devanahalli
572,Karnataka,Bengaluru Urban,JP Nagar,JP Nagar
573,Karnataka,Bengaluru Urban,HSR Layout,HSR Layout
574,Karnataka,Bengaluru Urban,Jayanagar,Jayanagar
575,Karnataka,Bengaluru Urban,Bengaluru,Bengaluru
576,Karnataka,Bengaluru Urban,Yelahanka,Yelahanka
577,Karnataka,Bengaluru Urban,Marathahalli,Marathahalli
578,Karnataka,Bengaluru Urban,Rajajinagar,Rajajinagar
579,Karnataka,Bengaluru Urban,Electronic City,Electronic City
580,Karnataka,Bengaluru Urban,Indiranagar,Indiranagar
581,Karnataka,Bengaluru Urban,Koramangala,Koramangala
582,Karnataka,Bengaluru Urban,Whitefield,Whitefield
583,Karnataka,Bidar,Bidar,Bidar
584,Karnataka,Bidar,Basavakalyan,Basavakalyan
585,Karnataka,Chamarajanagar,Kollegal,Kollegal
586,Karnataka,Chamarajanagar,Chamarajanagar,Chamarajanagar
587,Karnataka,Chikkaballapura,Chintamani,Chintamani
588,Karnataka,Chikkaballapura,Chikkaballapur,Chikkaballapur
589,Karnataka,Chikkamagaluru,Kadur,Kadur
590,Karnataka,Chikkamagaluru,Chikkamagaluru,Chikkamagaluru
591,Karnataka,Chikkamagaluru,Mudigere,Mudigere
592,Karnataka,Chitradurga,Davangere,Davangere
593,Karnataka,Chitradurga,Chitradurga,Chitradurga
594,Karnataka,Dakshina Kannada,Mangaluru,Mangaluru
595,Karnataka,Dakshina Kannada,Sullia,Sullia
596,Karnataka,Dakshina Kannada,Puttur,Puttur
597,Karnataka,Davanagere,Harihar,Harihar
598,Karnataka,Davanagere,Davangere,Davangere
599,Karnataka,Dharwad,Hubli,Hubli
600,Karnataka,Dharwad,Dharwad,Dharwad
601,Karnataka,Gadag,Gadag,Gadag
602,Karnataka,Gadag,Nargund,Nargund
603,Karnataka,Hassan,Hassan,Hassan
604,Karnataka,Hassan,Belur,Belur
605,Karnataka,Hassan,Arsikere,Arsikere
606,Karnataka,Haveri,Ranebennur,Ranebennur
607,Karnataka,Haveri,Haveri,Haveri
608,Karnataka,Kalaburagi,Kalaburagi,Kalaburagi
609,Karnataka,Kalaburagi,Sedam,Sedam
610,Karnataka,Kodagu,Virajpet,Virajpet
611,Karnataka,Kodagu,Madikeri,Madikeri
612,Karnataka,Kolar,KGF,KGF
613,Karnataka,Kolar,Kolar,Kolar
614,Karnataka,Kolar,Bangarpet,Bangarpet
615,Karnataka,Koppal,Koppal,Koppal
616,Karnataka,Koppal,Gangavathi,Gangavathi
617,Karnataka,Mandya,Srirangapatna,Srirangapatna
618,Karnataka,Mandya,Maddur,Maddur
619,Karnataka,Mandya,Mandya,Mandya
620,Karnataka,Mysuru,Hunsur,Hunsur
621,Karnataka,Mysuru,Nanjangud,Nanjangud
622,Karnataka,Mysuru,Mysuru,Mysuru
623,Karnataka,Raichur,Sindhanur,Sindhanur
624,Karnataka,Raichur,Manvi,Manvi
625,Karnataka,Raichur,Raichur,Raichur
626,Karnataka,Ramanagara,Channapatna,Channapatna
627,Karnataka,Ramanagara,Kanakapura,Kanakapura
628,Karnataka,Ramanagara,Ramanagara,Ramanagara
629,Karnataka,Shivamogga,Shivamogga,Shivamogga
630,Karnataka,Shivamogga,Bhadravati,Bhadravati
631,Karnataka,Shivamogga,Sagar,Sagar
632,Karnataka,Tumakuru,Madhugiri,Madhugiri
633,Karnataka,Tumakuru,Tumakuru,Tumakuru
634,Karnataka,Tumakuru,Tiptur,Tiptur
635,Karnataka,Udupi,Udupi,Udupi
636,Karnataka,Udupi,Kundapur,Kundapur
637,Karnataka,Udupi,Manipal,Manipal
638,Karnataka,Uttara Kannada,Karwar,Karwar
639,Karnataka,Uttara Kannada,Kumta,Kumta
640,Karnataka,Uttara Kannada,Sirsi,Sirsi
641,Karnataka,Vijayapura,Vijayapura,Vijayapura
642,Karnataka,Vijayapura,Indi,Indi
643,Karnataka,Yadgir,Shahapur,Shahapur
644,Karnataka,Yadgir,Yadgir,Yadgir
645,Kerala,Alappuzha,Kayamkulam,Kayamkulam
646,Kerala,Alappuzha,Alappuzha,Alappuzha
647,Kerala,Alappuzha,Haripad,Haripad
648,Kerala,Alappuzha,Cherthala,Cherthala
649,Kerala,Ernakulam,Kakkanad,Kakkanad
650,Kerala,Ernakulam,Angamaly,Angamaly
651,Kerala,Ernakulam,Kalamassery,Kalamassery
652,Kerala,Ernakulam,Aluva,Aluva
653,Kerala,Ernakulam,Perumbavoor,Perumbavoor
654,Kerala,Ernakulam,Thrippunithura,Thrippunithura
655,Kerala,Ernakulam,Kochi,Kochi
656,Kerala,Idukki,Munnar,Munnar
657,Kerala,Idukki,Kattappana,Kattappana
658,Kerala,Idukki,Thodupuzha,Thodupuzha
659,Kerala,Kannur,Payyanur,Payyanur
660,Kerala,Kannur,Kannur,Kannur
661,Kerala,Kannur,Thalassery,Thalassery
662,Kerala,Kasaragod,Kasaragod,Kasaragod
663,Kerala,Kasaragod,Kanhangad,Kanhangad
664,Kerala,Kollam,Punalur,Punalur
665,Kerala,Kollam,Karunagappally,Karunagappally
666,Kerala,Kollam,Kollam,Kollam
667,Kerala,Kottayam,Pala,Pala
668,Kerala,Kottayam,Kottayam,Kottayam
669,Kerala,Kottayam,Changanacherry,Changanacherry
670,Kerala,Kottayam,Vaikom,Vaikom
671,Kerala,Kozhikode,Vadakara,Vadakara
672,Kerala,Kozhikode,Koyilandy,Koyilandy
673,Kerala,Kozhikode,Kozhikode,Kozhikode
674,Kerala,Malappuram,Malappuram,Malappuram
675,Kerala,Malappuram,Manjeri,Manjeri
676,Kerala,Malappuram,Ponnani,Ponnani
677,Kerala,Malappuram,Tirur,Tirur
678,Kerala,Palakkad,Ottappalam,Ottappalam
679,Kerala,Palakkad,Shoranur,Shoranur
680,Kerala,Palakkad,Palakkad,Palakkad
681,Kerala,Palakkad,Mannarkkad,Mannarkkad
682,Kerala,Pathanamthitta,Adoor,Adoor
683,Kerala,Pathanamthitta,Pathanamthitta,Pathanamthitta
684,Kerala,Pathanamthitta,Thiruvalla,Thiruvalla
685,Kerala,Thiruvananthapuram,Neyyattinkara,Neyyattinkara
686,Kerala,Thiruvananthapuram,Varkala,Varkala
687,Kerala,Thiruvananthapuram,Attingal,Attingal
688,Kerala,Thiruvananthapuram,Thiruvananthapuram,Thiruvananthapuram
689,Kerala,Thrissur,Kunnamkulam,Kunnamkulam
690,Kerala,Thrissur,Chalakudy,Chalakudy
691,Kerala,Thrissur,Irinjalakuda,Irinjalakuda
692,Kerala,Thrissur,Thrissur,Thrissur
693,Kerala,Wayanad,Kalpetta,Kalpetta
694,Kerala,Wayanad,Sulthan Bathery,Sulthan Bathery
695,Kerala,Wayanad,Mananthavady,Mananthavady
696,Ladakh,Kargil,Zanskar,Zanskar
697,Ladakh,Kargil,Kargil,Kargil
698,Ladakh,Leh,Leh,Leh
699,Ladakh,Leh,Nubra,Nubra
700,Lakshadweep,Lakshadweep,Agatti,Agatti
701,Lakshadweep,Lakshadweep,Minicoy,Minicoy
702,Lakshadweep,Lakshadweep,Kavaratti,Kavaratti
703,Madhya Pradesh,Agar Malwa,Agar,Agar
704,Madhya Pradesh,Alirajpur,Alirajpur,Alirajpur
705,Madhya Pradesh,Anuppur,Anuppur,Anuppur
706,Madhya Pradesh,Ashoknagar,Ashoknagar,Ashoknagar
707,Madhya Pradesh,Balaghat,Balaghat,Balaghat
708,Madhya Pradesh,Barwani,Barwani,Barwani
709,Madhya Pradesh,Betul,Betul,Betul
710,Madhya Pradesh,Betul,Multai,Multai
711,Madhya Pradesh,Bhind,Bhind,Bhind
712,Madhya Pradesh,Bhopal,Bhopal,Bhopal
713,Madhya Pradesh,Bhopal,Berasia,Berasia
714,Madhya Pradesh,Bhopal,Huzur,Huzur
715,Madhya Pradesh,Burhanpur,Burhanpur,Burhanpur
716,Madhya Pradesh,Chhatarpur,Nowgong,Nowgong
717,Madhya Pradesh,Chhatarpur,Chhatarpur,Chhatarpur
718,Madhya Pradesh,Chhindwara,Chhindwara,Chhindwara
719,Madhya Pradesh,Chhindwara,Sausar,Sausar
720,Madhya Pradesh,Damoh,Damoh,Damoh
721,Madhya Pradesh,Datia,Datia,Datia
722,Madhya Pradesh,Dewas,Dewas,Dewas
723,Madhya Pradesh,Dhar,Dhar,Dhar
724,Madhya Pradesh,Dhar,Manawar,Manawar
725,Madhya Pradesh,Dindori,Dindori,Dindori
726,Madhya Pradesh,Guna,Guna,Guna
727,Madhya Pradesh,Gwalior,Morena,Morena
728,Madhya Pradesh,Gwalior,Bhind,Bhind
729,Madhya Pradesh,Gwalior,Gwalior,Gwalior
730,Madhya Pradesh,Harda,Harda,Harda
731,Madhya Pradesh,Hoshangabad,Hoshangabad,Hoshangabad
732,Madhya Pradesh,Hoshangabad,Itarsi,Itarsi
733,Madhya Pradesh,Indore,Indore,Indore
734,Madhya Pradesh,Indore,Sanwer,Sanwer
735,Madhya Pradesh,Indore,Dewas,Dewas
736,Madhya Pradesh,Jabalpur,Jabalpur,Jabalpur
737,Madhya Pradesh,Jabalpur,Katni,Katni
738,Madhya Pradesh,Jhabua,Jhabua,Jhabua
739,Madhya Pradesh,Katni,Katni,Katni
740,Madhya Pradesh,Khandwa,Khandwa,Khandwa
741,Madhya Pradesh,Khandwa,Burhanpur,Burhanpur
742,Madhya Pradesh,Khargone,Barwani,Barwani
743,Madhya Pradesh,Khargone,Khargone,Khargone
744,Madhya Pradesh,Mandla,Mandla,Mandla
745,Madhya Pradesh,Mandsaur,Mandsaur,Mandsaur
746,Madhya Pradesh,Mandsaur,Neemuch,Neemuch
747,Madhya Pradesh,Morena,Morena,Morena
748,Madhya Pradesh,Narsinghpur,Narsinghpur,Narsinghpur
749,Madhya Pradesh,Neemuch,Neemuch,Neemuch
750,Madhya Pradesh,Panna,Panna,Panna
751,Madhya Pradesh,Raisen,Bhopal (Obaidullaganj),Bhopal (Obaidullaganj)
752,Madhya Pradesh,Raisen,Raisen,Raisen
753,Madhya Pradesh,Rajgarh,Biaora,Biaora
754,Madhya Pradesh,Ratlam,Jaora,Jaora
755,Madhya Pradesh,Ratlam,Ratlam,Ratlam
756,Madhya Pradesh,Rewa,Rewa,Rewa
757,Madhya Pradesh,Rewa,Satna,Satna
758,Madhya Pradesh,Sagar,Damoh,Damoh
759,Madhya Pradesh,Sagar,Sagar,Sagar
760,Madhya Pradesh,Satna,Satna,Satna
761,Madhya Pradesh,Sehore,Sehore,Sehore
762,Madhya Pradesh,Seoni,Seoni,Seoni
763,Madhya Pradesh,Shahdol,Shahdol,Shahdol
764,Madhya Pradesh,Shahdol,Umaria,Umaria
765,Madhya Pradesh,Shajapur,Shajapur,Shajapur
766,Madhya Pradesh,Shajapur,Shujalpur,Shujalpur
767,Madhya Pradesh,Sheopur,Sheopur,Sheopur
768,Madhya Pradesh,Shivpuri,Shivpuri,Shivpuri
769,Madhya Pradesh,Shivpuri,Guna,Guna
770,Madhya Pradesh,Sidhi,Sidhi,Sidhi
771,Madhya Pradesh,Singrauli,Singrauli,Singrauli
772,Madhya Pradesh,Tikamgarh,Chhatarpur,Chhatarpur
773,Madhya Pradesh,Tikamgarh,Tikamgarh,Tikamgarh
774,Madhya Pradesh,Ujjain,Nagda,Nagda
775,Madhya Pradesh,Ujjain,Ujjain,Ujjain
776,Madhya Pradesh,Umaria,Umaria,Umaria
777,Madhya Pradesh,Vidisha,Vidisha,Vidisha
778,Madhya Pradesh,Vidisha,Sironj,Sironj
779,Maharashtra,Ahmednagar,Shirdi,Shirdi
780,Maharashtra,Ahmednagar,Ahmednagar,Ahmednagar
781,Maharashtra,Ahmednagar,Kopargaon,Kopargaon
782,Maharashtra,Akola,Washim,Washim
783,Maharashtra,Akola,Akola,Akola
784,Maharashtra,Amravati,Yavatmal,Yavatmal
785,Maharashtra,Amravati,Amravati,Amravati
786,Maharashtra,Aurangabad,Aurangabad,Aurangabad
787,Maharashtra,Aurangabad,Paithan,Paithan
788,Maharashtra,Aurangabad,Jalna,Jalna
789,Maharashtra,Beed,Beed,Beed
790,Maharashtra,Beed,Ambejogai,Ambejogai
791,Maharashtra,Bhandara,Bhandara,Bhandara
792,Maharashtra,Buldhana,Buldhana,Buldhana
793,Maharashtra,Buldhana,Khamgaon,Khamgaon
794,Maharashtra,Chandrapur,Chandrapur,Chandrapur
795,Maharashtra,Chandrapur,Ballarpur,Ballarpur
796,Maharashtra,Dhule,Dhule,Dhule
797,Maharashtra,Dhule,Shirpur,Shirpur
798,Maharashtra,Gadchiroli,Gadchiroli,Gadchiroli
799,Maharashtra,Gondia,Gondia,Gondia
800,Maharashtra,Gondia,Tirora,Tirora
801,Maharashtra,Hingoli,Hingoli,Hingoli
802,Maharashtra,Jalgaon,Amalner,Amalner
803,Maharashtra,Jalgaon,Bhusawal,Bhusawal
804,Maharashtra,Jalgaon,Jalgaon,Jalgaon
805,Maharashtra,Jalna,Jalna,Jalna
806,Maharashtra,Kolhapur,Kolhapur,Kolhapur
807,Maharashtra,Kolhapur,Ichalkaranji,Ichalkaranji
808,Maharashtra,Latur,Latur,Latur
809,Maharashtra,Latur,Udgir,Udgir
810,Maharashtra,Mumbai City,Borivali,Borivali
811,Maharashtra,Mumbai City,CST,CST
812,Maharashtra,Mumbai City,Colaba,Colaba
813,Maharashtra,Mumbai City,Fort,Fort
814,Maharashtra,Mumbai City,Kurla,Kurla
815,Maharashtra,Mumbai City,Chembur,Chembur
816,Maharashtra,Mumbai City,Bandra,Bandra
817,Maharashtra,Mumbai City,Andheri,Andheri
818,Maharashtra,Mumbai City,Dadar,Dadar
819,Maharashtra,Mumbai Suburban,Ulhasnagar,Ulhasnagar
820,Maharashtra,Mumbai Suburban,Dombivli,Dombivli
821,Maharashtra,Mumbai Suburban,Ambernath,Ambernath
822,Maharashtra,Mumbai Suburban,Kalyan,Kalyan
823,Maharashtra,Mumbai Suburban,Thane,Thane
824,Maharashtra,Mumbai Suburban,Badlapur,Badlapur
825,Maharashtra,Nagpur,Wardha,Wardha
826,Maharashtra,Nagpur,Nagpur,Nagpur
827,Maharashtra,Nagpur,Kamptee,Kamptee
828,Maharashtra,Nagpur,Butibori,Butibori
829,Maharashtra,Nanded,Nanded,Nanded
830,Maharashtra,Nanded,Biloli,Biloli
831,Maharashtra,Nandurbar,Shahada,Shahada
832,Maharashtra,Nandurbar,Nandurbar,Nandurbar
833,Maharashtra,Nashik,Deolali,Deolali
834,Maharashtra,Nashik,Igatpuri,Igatpuri
835,Maharashtra,Nashik,Nashik,Nashik
836,Maharashtra,Nashik,Malegaon,Malegaon
837,Maharashtra,Osmanabad,Osmanabad,Osmanabad
838,Maharashtra,Palghar,Vasai,Vasai
839,Maharashtra,Palghar,Palghar,Palghar
840,Maharashtra,Parbhani,Parbhani,Parbhani
841,Maharashtra,Pune,Pimpri-Chinchwad,Pimpri-Chinchwad
842,Maharashtra,Pune,Baramati,Baramati
843,Maharashtra,Pune,Kothrud,Kothrud
844,Maharashtra,Pune,Pune,Pune
845,Maharashtra,Pune,Hadapsar,Hadapsar
846,Maharashtra,Pune,Lonavala,Lonavala
847,Maharashtra,Raigad,Uran,Uran
848,Maharashtra,Raigad,Alibag,Alibag
849,Maharashtra,Raigad,Panvel,Panvel
850,Maharashtra,Ratnagiri,Ratnagiri,Ratnagiri
851,Maharashtra,Ratnagiri,Chiplun,Chiplun
852,Maharashtra,Sangli,Islampur,Islampur
853,Maharashtra,Sangli,Miraj,Miraj
854,Maharashtra,Sangli,Sangli,Sangli
855,Maharashtra,Satara,Panchgani,Panchgani
856,Maharashtra,Satara,Karad,Karad
857,Maharashtra,Satara,Satara,Satara
858,Maharashtra,Sindhudurg,Sawantwadi,Sawantwadi
859,Maharashtra,Sindhudurg,Sindhudurg,Sindhudurg
860,Maharashtra,Solapur,Pandharpur,Pandharpur
861,Maharashtra,Solapur,Solapur,Solapur
862,Maharashtra,Solapur,Barshi,Barshi
863,Maharashtra,Thane,Navi Mumbai,Navi Mumbai
864,Maharashtra,Thane,Bhiwandi,Bhiwandi
865,Maharashtra,Thane,Thane,Thane
866,Maharashtra,Thane,Mira-Bhayandar,Mira-Bhayandar
867,Maharashtra,Wardha,Wardha,Wardha
868,Maharashtra,Washim,Washim,Washim
869,Maharashtra,Yavatmal,Wani,Wani
870,Maharashtra,Yavatmal,Yavatmal,Yavatmal
871,Manipur,Bishnupur,Bishnupur,Bishnupur
872,Manipur,Bishnupur,Moirang,Moirang
873,Manipur,Chandel,Chandel,Chandel
874,Manipur,Churachandpur,Churachandpur,Churachandpur
875,Manipur,Imphal East,Imphal,Imphal
876,Manipur,Imphal East,Porompat,Porompat
877,Manipur,Imphal West,Imphal,Imphal
878,Manipur,Imphal West,Lamphel,Lamphel
879,Manipur,Jiribam,Jiribam,Jiribam
880,Manipur,Kakching,Kakching,Kakching
881,Manipur,Kamjong,Kamjong,Kamjong
882,Manipur,Kangpokpi,Kangpokpi,Kangpokpi
883,Manipur,Noney,Noney,Noney
884,Manipur,Pherzawl,Pherzawl,Pherzawl
885,Manipur,Senapati,Senapati,Senapati
886,Manipur,Tamenglong,Tamenglong,Tamenglong
887,Manipur,Tengnoupal,Tengnoupal,Tengnoupal
888,Manipur,Thoubal,Thoubal,Thoubal
889,Manipur,Thoubal,Kakching,Kakching
890,Manipur,Ukhrul,Ukhrul,Ukhrul
891,Meghalaya,East Garo Hills,Williamnagar,Williamnagar
892,Meghalaya,East Jaintia Hills,Jowai,Jowai
893,Meghalaya,East Khasi Hills,Shillong,Shillong
894,Meghalaya,East Khasi Hills,Cherrapunji,Cherrapunji
895,Meghalaya,Eastern West Khasi Hills,Mairang,Mairang
896,Meghalaya,North Garo Hills,Resubelpara,Resubelpara
897,Meghalaya,Ri Bhoi,Nongpoh,Nongpoh
898,Meghalaya,South Garo Hills,Baghmara,Baghmara
899,Meghalaya,South West Garo Hills,Ampati,Ampati
900,Meghalaya,South West Khasi Hills,Mawkyrwat,Mawkyrwat
901,Meghalaya,West Garo Hills,Tura,Tura
902,Meghalaya,West Jaintia Hills,Khliehriat,Khliehriat
903,Meghalaya,West Khasi Hills,Nongstoin,Nongstoin
904,Mizoram,Aizawl,Aizawl,Aizawl
905,Mizoram,Aizawl,Durtlang,Durtlang
906,Mizoram,Champhai,Champhai,Champhai
907,Mizoram,Hnahthial,Hnahthial,Hnahthial
908,Mizoram,Khawzawl,Khawzawl,Khawzawl
909,Mizoram,Kolasib,Kolasib,Kolasib
910,Mizoram,Lawngtlai,Lawngtlai,Lawngtlai
911,Mizoram,Lunglei,Lunglei,Lunglei
912,Mizoram,Mamit,Mamit,Mamit
913,Mizoram,Saiha,Saiha,Saiha
914,Mizoram,Saitual,Saitual,Saitual
915,Mizoram,Serchhip,Serchhip,Serchhip
916,Nagaland,Chümoukedima,Chumukedima,Chumukedima
917,Nagaland,Dimapur,Dimapur,Dimapur
918,Nagaland,Dimapur,Chumukedima,Chumukedima
919,Nagaland,Kiphire,Kiphire,Kiphire
920,Nagaland,Kohima,Pfutsero,Pfutsero
921,Nagaland,Kohima,Kohima,Kohima
922,Nagaland,Longleng,Longleng,Longleng
923,Nagaland,Mokokchung,Mokokchung,Mokokchung
924,Nagaland,Mon,Mon,Mon
925,Nagaland,Niuland,Niuland,Niuland
926,Nagaland,Noklak,Noklak,Noklak
927,Nagaland,Peren,Peren,Peren
928,Nagaland,Phek,Phek,Phek
929,Nagaland,Shamator,Shamator,Shamator
930,Nagaland,Tseminyü,Tseminyu,Tseminyu
931,Nagaland,Tuensang,Tuensang,Tuensang
932,Nagaland,Wokha,Wokha,Wokha
933,Nagaland,Zunheboto,Zunheboto,Zunheboto
934,Odisha,Angul,Talcher,Talcher
935,Odisha,Angul,Angul,Angul
936,Odisha,Balangir,Balangir,Balangir
937,Odisha,Balasore,Jaleswar,Jaleswar
938,Odisha,Balasore,Balasore,Balasore
939,Odisha,Bargarh,Bargarh,Bargarh
940,Odisha,Bargarh,Padampur,Padampur
941,Odisha,Bhadrak,Dhamnagar,Dhamnagar
942,Odisha,Bhadrak,Bhadrak,Bhadrak
943,Odisha,Boudh,Boudh,Boudh
944,Odisha,Cuttack,Athagarh,Athagarh
945,Odisha,Cuttack,Choudwar,Choudwar
946,Odisha,Cuttack,Cuttack,Cuttack
947,Odisha,Debagarh,Deogarh,Deogarh
948,Odisha,Dhenkanal,Dhenkanal,Dhenkanal
949,Odisha,Gajapati,Paralakhemundi,Paralakhemundi
950,Odisha,Ganjam,Aska,Aska
951,Odisha,Ganjam,Berhampur,Berhampur
952,Odisha,Ganjam,Chhatrapur,Chhatrapur
953,Odisha,Jagatsinghapur,Jagatsinghpur,Jagatsinghpur
954,Odisha,Jajpur,Jajpur,Jajpur
955,Odisha,Jajpur,Vyasanagar,Vyasanagar
956,Odisha,Jharsuguda,Belpahar,Belpahar
957,Odisha,Jharsuguda,Jharsuguda,Jharsuguda
958,Odisha,Kalahandi,Bhawanipatna,Bhawanipatna
959,Odisha,Kandhamal,Phulbani,Phulbani
960,Odisha,Kendrapara,Kendrapara,Kendrapara
961,Odisha,Kendujhar,Kendujhar,Kendujhar
962,Odisha,Khordha,Khurda,Khurda
963,Odisha,Khordha,Bhubaneswar,Bhubaneswar
964,Odisha,Khordha,Jatani,Jatani
965,Odisha,Koraput,Jeypore,Jeypore
966,Odisha,Koraput,Koraput,Koraput
967,Odisha,Malkangiri,Malkangiri,Malkangiri
968,Odisha,Mayurbhanj,Rairangpur,Rairangpur
969,Odisha,Mayurbhanj,Baripada,Baripada
970,Odisha,Nabarangpur,Nabarangpur,Nabarangpur
971,Odisha,Nayagarh,Nayagarh,Nayagarh
972,Odisha,Nuapada,Nuapada,Nuapada
973,Odisha,Puri,Konark,Konark
974,Odisha,Puri,Pipili,Pipili
975,Odisha,Puri,Puri,Puri
976,Odisha,Rayagada,Gunupur,Gunupur
977,Odisha,Rayagada,Rayagada,Rayagada
978,Odisha,Sambalpur,Hirakud,Hirakud
979,Odisha,Sambalpur,Sambalpur,Sambalpur
980,Odisha,Sambalpur,Burla,Burla
981,Odisha,Subarnapur,Sonepur,Sonepur
982,Odisha,Sundargarh,Sundargarh,Sundargarh
983,Odisha,Sundargarh,Rourkela,Rourkela
984,Odisha,Sundargarh,Rajgangpur,Rajgangpur
985,Puducherry,Karaikal,Thirunallar,Thirunallar
986,Puducherry,Karaikal,Karaikal,Karaikal
987,Puducherry,Mahe,Mahe,Mahe
988,Puducherry,Puducherry,Puducherry,Puducherry
989,Puducherry,Puducherry,Villianur,Villianur
990,Puducherry,Puducherry,Oulgaret,Oulgaret
991,Puducherry,Yanam,Yanam,Yanam
992,Punjab,Amritsar,Tarn Taran,Tarn Taran
993,Punjab,Amritsar,Beas,Beas
994,Punjab,Amritsar,Amritsar,Amritsar
995,Punjab,Barnala,Barnala,Barnala
996,Punjab,Bathinda,Rampura Phul,Rampura Phul
997,Punjab,Bathinda,Bathinda,Bathinda
998,Punjab,Faridkot,Faridkot,Faridkot
999,Punjab,Faridkot,Kotkapura,Kotkapura
1000,Punjab,Fatehgarh Sahib,Mandi Gobindgarh,Mandi Gobindgarh
1001,Punjab,Fatehgarh Sahib,Fatehgarh Sahib,Fatehgarh Sahib
1002,Punjab,Fazilka,Fazilka,Fazilka
1003,Punjab,Ferozepur,Ferozepur,Ferozepur
1004,Punjab,Ferozepur,Zira,Zira
1005,Punjab,Ferozepur,Fazilka,Fazilka
1006,Punjab,Gurdaspur,Pathankot,Pathankot
1007,Punjab,Gurdaspur,Batala,Batala
1008,Punjab,Gurdaspur,Gurdaspur,Gurdaspur
1009,Punjab,Hoshiarpur,Mukerian,Mukerian
1010,Punjab,Hoshiarpur,Dasuya,Dasuya
1011,Punjab,Hoshiarpur,Hoshiarpur,Hoshiarpur
1012,Punjab,Jalandhar,Phagwara,Phagwara
1013,Punjab,Jalandhar,Nakodar,Nakodar
1014,Punjab,Jalandhar,Jalandhar,Jalandhar
1015,Punjab,Kapurthala,Kapurthala,Kapurthala
1016,Punjab,Kapurthala,Sultanpur Lodhi,Sultanpur Lodhi
1017,Punjab,Ludhiana,Ludhiana,Ludhiana
1018,Punjab,Ludhiana,Khanna,Khanna
1019,Punjab,Ludhiana,Samrala,Samrala
1020,Punjab,Malerkotla,Malerkotla,Malerkotla
1021,Punjab,Mansa,Mansa,Mansa
1022,Punjab,Moga,Nihal Singh Wala,Nihal Singh Wala
1023,Punjab,Moga,Moga,Moga
1024,Punjab,Muktsar,Gidderbaha,Gidderbaha
1025,Punjab,Muktsar,Muktsar,Muktsar
1026,Punjab,Nawanshahr,Balachaur,Balachaur
1027,Punjab,Nawanshahr,Nawanshahr,Nawanshahr
1028,Punjab,Pathankot,Pathankot,Pathankot
1029,Punjab,Patiala,Rajpura,Rajpura
1030,Punjab,Patiala,Patiala,Patiala
1031,Punjab,Patiala,Nabha,Nabha
1032,Punjab,Rupnagar,Morinda,Morinda
1033,Punjab,Rupnagar,Anandpur Sahib,Anandpur Sahib
1034,Punjab,Rupnagar,Rupnagar,Rupnagar
1035,Punjab,Sahibzada Ajit Singh Nagar,Kharar,Kharar
1036,Punjab,Sahibzada Ajit Singh Nagar,Zirakpur,Zirakpur
1037,Punjab,Sahibzada Ajit Singh Nagar,Mohali,Mohali
1038,Punjab,Sangrur,Sunam,Sunam
1039,Punjab,Sangrur,Sangrur,Sangrur
1040,Punjab,Tarn Taran,Tarn Taran,Tarn Taran
1041,Punjab,Tarn Taran,Patti,Patti
1042,Rajasthan,Ajmer,Kishangarh,Kishangarh
1043,Rajasthan,Ajmer,Pushkar,Pushkar
1044,Rajasthan,Ajmer,Ajmer,Ajmer
1045,Rajasthan,Ajmer,Beawar,Beawar
1046,Rajasthan,Alwar,Alwar,Alwar
1047,Rajasthan,Alwar,Bhiwadi,Bhiwadi
1048,Rajasthan,Alwar,Neemrana,Neemrana
1049,Rajasthan,Anupgarh,Anupgarh,Anupgarh
1050,Rajasthan,Balotra,Balotra,Balotra
1051,Rajasthan,Banswara,Banswara,Banswara
1052,Rajasthan,Baran,Baran,Baran
1053,Rajasthan,Barmer,Barmer,Barmer
1054,Rajasthan,Beawar,Beawar,Beawar
1055,Rajasthan,Bharatpur,Deeg,Deeg
1056,Rajasthan,Bharatpur,Bharatpur,Bharatpur
1057,Rajasthan,Bhilwara,Shahpura,Shahpura
1058,Rajasthan,Bhilwara,Bhilwara,Bhilwara
1059,Rajasthan,Bikaner,Nokha,Nokha
1060,Rajasthan,Bikaner,Bikaner,Bikaner
1061,Rajasthan,Bundi,Bundi,Bundi
1062,Rajasthan,Chittorgarh,Chittorgarh,Chittorgarh
1063,Rajasthan,Chittorgarh,Nimbahera,Nimbahera
1064,Rajasthan,Churu,Ratangarh,Ratangarh
1065,Rajasthan,Churu,Churu,Churu
1066,Rajasthan,Dausa,Dausa,Dausa
1067,Rajasthan,Deeg,Deeg,Deeg
1068,Rajasthan,Dholpur,Dholpur,Dholpur
1069,Rajasthan,Didwana-Kuchaman,Didwana,Didwana
1070,Rajasthan,Dungarpur,Dungarpur,Dungarpur
1071,Rajasthan,Gangapur City,Gangapur City,Gangapur City
1072,Rajasthan,Hanumangarh,Hanumangarh,Hanumangarh
1073,Rajasthan,Jaipur,Amer,Amer
1074,Rajasthan,Jaipur,Chomu,Chomu
1075,Rajasthan,Jaipur,Jaipur,Jaipur
1076,Rajasthan,Jaipur,Sanganer,Sanganer
1077,Rajasthan,Jaipur Rural,Chomu,Chomu
1078,Rajasthan,Jaipur Rural,Phulera,Phulera
1079,Rajasthan,Jaisalmer,Jaisalmer,Jaisalmer
1080,Rajasthan,Jaisalmer,Pokaran,Pokaran
1081,Rajasthan,Jalore,Jalore,Jalore
1082,Rajasthan,Jhalawar,Baran,Baran
1083,Rajasthan,Jhalawar,Jhalawar,Jhalawar
1084,Rajasthan,Jhunjhunu,Pilani,Pilani
1085,Rajasthan,Jhunjhunu,Jhunjhunu,Jhunjhunu
1086,Rajasthan,Jodhpur,Pali,Pali
1087,Rajasthan,Jodhpur,Balotra,Balotra
1088,Rajasthan,Jodhpur,Jodhpur,Jodhpur
1089,Rajasthan,Jodhpur Rural,Phalodi,Phalodi
1090,Rajasthan,Karauli,Karauli,Karauli
1091,Rajasthan,Kekri,Kekri,Kekri
1092,Rajasthan,Khairthal-Tijara,Khairthal,Khairthal
1093,Rajasthan,Kotputli-Behror,Kotputli,Kotputli
1094,Rajasthan,Nagaur,Makrana,Makrana
1095,Rajasthan,Nagaur,Nagaur,Nagaur
1096,Rajasthan,Nagaur,Merta,Merta
1097,Rajasthan,Neem Ka Thana,Neem Ka Thana,Neem Ka Thana
1098,Rajasthan,Pali,Pali,Pali
1099,Rajasthan,Pali,Sojat,Sojat
1100,Rajasthan,Phalodi,Phalodi,Phalodi
1101,Rajasthan,Pratapgarh,Pratapgarh,Pratapgarh
1102,Rajasthan,Rajsamand,Rajsamand,Rajsamand
1103,Rajasthan,Salumbar,Salumbar,Salumbar
1104,Rajasthan,Sanchore,Sanchore,Sanchore
1105,Rajasthan,Sawai Madhopur,Sawai Madhopur,Sawai Madhopur
1106,Rajasthan,Shahpura,Shahpura,Shahpura
1107,Rajasthan,Sikar,Fatehpur,Fatehpur
1108,Rajasthan,Sikar,Sikar,Sikar
1109,Rajasthan,Sikar,Laxmangarh,Laxmangarh
1110,Rajasthan,Sirohi,Sirohi,Sirohi
1111,Rajasthan,Sirohi,Abu Road,Abu Road
1112,Rajasthan,Sri Ganganagar,Sri Ganganagar,Sri Ganganagar
1113,Rajasthan,Tonk,Tonk,Tonk
1114,Rajasthan,Tonk,Sawai Madhopur,Sawai Madhopur
1115,Rajasthan,Udaipur,Udaipur,Udaipur
1116,Rajasthan,Udaipur,Rajsamand,Rajsamand
1117,Rajasthan,Udaipur,Nathdwara,Nathdwara
1118,Sikkim,Gangtok,Gangtok,Gangtok
1119,Sikkim,Gangtok,Singtam,Singtam
1120,Sikkim,Gyalshing,Gyalshing,Gyalshing
1121,Sikkim,Mangan,Mangan,Mangan
1122,Sikkim,Namchi,Jorethang,Jorethang
1123,Sikkim,Namchi,Namchi,Namchi
1124,Sikkim,Pakyong,Pakyong,Pakyong
1125,Sikkim,Soreng,Soreng,Soreng
1126,Tamil Nadu,Ariyalur,Ariyalur,Ariyalur
1127,Tamil Nadu,Ariyalur,Jayankondam,Jayankondam
1128,Tamil Nadu,Chengalpattu,Chengalpattu,Chengalpattu
1129,Tamil Nadu,Chengalpattu,Urapakkam,Urapakkam
1130,Tamil Nadu,Chengalpattu,Tambaram,Tambaram
1131,Tamil Nadu,Chengalpattu,Vandalur,Vandalur
1132,Tamil Nadu,Chennai,Velachery,Velachery
1133,Tamil Nadu,Chennai,Chromepet,Chromepet
1134,Tamil Nadu,Chennai,Anna Nagar,Anna Nagar
1135,Tamil Nadu,Chennai,Guindy,Guindy
1136,Tamil Nadu,Chennai,Perambur,Perambur
1137,Tamil Nadu,Chennai,Mogappair,Mogappair
1138,Tamil Nadu,Chennai,Adyar,Adyar
1139,Tamil Nadu,Chennai,Mylapore,Mylapore
1140,Tamil Nadu,Chennai,Tambaram,Tambaram
1141,Tamil Nadu,Chennai,Sholinganallur,Sholinganallur
1142,Tamil Nadu,Chennai,Pallavaram,Pallavaram
1143,Tamil Nadu,Chennai,T Nagar,T Nagar
1144,Tamil Nadu,Chennai,Avadi,Avadi
1145,Tamil Nadu,Chennai,Chennai,Chennai
1146,Tamil Nadu,Chennai,Porur,Porur
1147,Tamil Nadu,Chennai,Nungambakkam,Nungambakkam
1148,Tamil Nadu,Chennai,Ambattur,Ambattur
1149,Tamil Nadu,Coimbatore,Peelamedu,Peelamedu
1150,Tamil Nadu,Coimbatore,Sulur,Sulur
1151,Tamil Nadu,Coimbatore,Pollachi,Pollachi
1152,Tamil Nadu,Coimbatore,Mettupalayam,Mettupalayam
1153,Tamil Nadu,Coimbatore,RS Puram,RS Puram
1154,Tamil Nadu,Coimbatore,Singanallur,Singanallur
1155,Tamil Nadu,Coimbatore,Coimbatore,Coimbatore
1156,Tamil Nadu,Cuddalore,Panruti,Panruti
1157,Tamil Nadu,Cuddalore,Neyveli,Neyveli
1158,Tamil Nadu,Cuddalore,Cuddalore,Cuddalore
1159,Tamil Nadu,Cuddalore,Chidambaram,Chidambaram
1160,Tamil Nadu,Dharmapuri,Pennagaram,Pennagaram
1161,Tamil Nadu,Dharmapuri,Dharmapuri,Dharmapuri
1162,Tamil Nadu,Dharmapuri,Hosur,Hosur
1163,Tamil Nadu,Dindigul,Palani,Palani
1164,Tamil Nadu,Dindigul,Kodaikanal,Kodaikanal
1165,Tamil Nadu,Dindigul,Dindigul,Dindigul
1166,Tamil Nadu,Dindigul,Natham,Natham
1167,Tamil Nadu,Erode,Sathyamangalam,Sathyamangalam
1168,Tamil Nadu,Erode,Gobichettipalayam,Gobichettipalayam
1169,Tamil Nadu,Erode,Erode,Erode
1170,Tamil Nadu,Erode,Bhavani,Bhavani
1171,Tamil Nadu,Kallakurichi,Ulundurpet,Ulundurpet
1172,Tamil Nadu,Kallakurichi,Kallakurichi,Kallakurichi
1173,Tamil Nadu,Kanchipuram,Kanchipuram,Kanchipuram
1174,Tamil Nadu,Kanniyakumari,Nagercoil,Nagercoil
1175,Tamil Nadu,Kanniyakumari,Marthandam,Marthandam
1176,Tamil Nadu,Kanniyakumari,Colachel,Colachel
1177,Tamil Nadu,Karur,Karur,Karur
1178,Tamil Nadu,Karur,Kulithalai,Kulithalai
1179,Tamil Nadu,Krishnagiri,Krishnagiri,Krishnagiri
1180,Tamil Nadu,Krishnagiri,Denkanikottai,Denkanikottai
1181,Tamil Nadu,Krishnagiri,Hosur,Hosur
1182,Tamil Nadu,Madurai,Thirumangalam,Thirumangalam
1183,Tamil Nadu,Madurai,Usilampatti,Usilampatti
1184,Tamil Nadu,Madurai,Melur,Melur
1185,Tamil Nadu,Madurai,Madurai,Madurai
1186,Tamil Nadu,Mayiladuthurai,Mayiladuthurai,Mayiladuthurai
1187,Tamil Nadu,Mayiladuthurai,Sirkazhi,Sirkazhi
1188,Tamil Nadu,Nagapattinam,Vedaranyam,Vedaranyam
1189,Tamil Nadu,Nagapattinam,Nagapattinam,Nagapattinam
1190,Tamil Nadu,Namakkal,Rasipuram,Rasipuram
1191,Tamil Nadu,Namakkal,Tiruchengode,Tiruchengode
1192,Tamil Nadu,Namakkal,Namakkal,Namakkal
1193,Tamil Nadu,Nilgiris,Ooty,Ooty
1194,Tamil Nadu,Nilgiris,Kotagiri,Kotagiri
1195,Tamil Nadu,Nilgiris,Gudalur,Gudalur
1196,Tamil Nadu,Nilgiris,Coonoor,Coonoor
1197,Tamil Nadu,Perambalur,Perambalur,Perambalur
1198,Tamil Nadu,Pudukkottai,Aranthangi,Aranthangi
1199,Tamil Nadu,Pudukkottai,Karambakkudi,Karambakkudi
1200,Tamil Nadu,Pudukkottai,Pudukkottai,Pudukkottai
1201,Tamil Nadu,Ramanathapuram,Ramanathapuram,Ramanathapuram
1202,Tamil Nadu,Ramanathapuram,Paramakudi,Paramakudi
1203,Tamil Nadu,Ramanathapuram,Rameswaram,Rameswaram
1204,Tamil Nadu,Ranipet,Ranipet,Ranipet
1205,Tamil Nadu,Ranipet,Walajapet,Walajapet
1206,Tamil Nadu,Ranipet,Arcot,Arcot
1207,Tamil Nadu,Salem,Attur,Attur
1208,Tamil Nadu,Salem,Edappadi,Edappadi
1209,Tamil Nadu,Salem,Mettur,Mettur
1210,Tamil Nadu,Salem,Salem,Salem
1211,Tamil Nadu,Salem,Omalur,Omalur
1212,Tamil Nadu,Sivaganga,Sivaganga,Sivaganga
1213,Tamil Nadu,Sivaganga,Karaikudi,Karaikudi
1214,Tamil Nadu,Sivaganga,Devakottai,Devakottai
1215,Tamil Nadu,Tenkasi,Kadayanallur,Kadayanallur
1216,Tamil Nadu,Tenkasi,Tenkasi,Tenkasi
1217,Tamil Nadu,Tenkasi,Sankarankovil,Sankarankovil
1218,Tamil Nadu,Thanjavur,Papanasam,Papanasam
1219,Tamil Nadu,Thanjavur,Pattukottai,Pattukottai
1220,Tamil Nadu,Thanjavur,Kumbakonam,Kumbakonam
1221,Tamil Nadu,Thanjavur,Thanjavur,Thanjavur
1222,Tamil Nadu,Theni,Uthamapalayam,Uthamapalayam
1223,Tamil Nadu,Theni,Periyakulam,Periyakulam
1224,Tamil Nadu,Theni,Theni,Theni
1225,Tamil Nadu,Thoothukudi,Thoothukudi,Thoothukudi
1226,Tamil Nadu,Thoothukudi,Kovilpatti,Kovilpatti
1227,Tamil Nadu,Thoothukudi,Sathankulam,Sathankulam
1228,Tamil Nadu,Tiruchirappalli,Lalgudi,Lalgudi
1229,Tamil Nadu,Tiruchirappalli,Musiri,Musiri
1230,Tamil Nadu,Tiruchirappalli,Tiruchirappalli,Tiruchirappalli
1231,Tamil Nadu,Tiruchirappalli,Srirangam,Srirangam
1232,Tamil Nadu,Tirunelveli,Ambasamudram,Ambasamudram
1233,Tamil Nadu,Tirunelveli,Tirunelveli,Tirunelveli
1234,Tamil Nadu,Tirunelveli,Palayamkottai,Palayamkottai
1235,Tamil Nadu,Tirunelveli,Valliyoor,Valliyoor
1236,Tamil Nadu,Tirupathur,Ambur,Ambur
1237,Tamil Nadu,Tirupathur,Tirupathur,Tirupathur
1238,Tamil Nadu,Tirupathur,Vaniyambadi,Vaniyambadi
1239,Tamil Nadu,Tiruppur,Dharapuram,Dharapuram
1240,Tamil Nadu,Tiruppur,Udumalpet,Udumalpet
1241,Tamil Nadu,Tiruppur,Tiruppur,Tiruppur
1242,Tamil Nadu,Tiruppur,Kangeyam,Kangeyam
1243,Tamil Nadu,Tiruvallur,Poonamallee,Poonamallee
1244,Tamil Nadu,Tiruvallur,Ponneri,Ponneri
1245,Tamil Nadu,Tiruvallur,Tiruvallur,Tiruvallur
1246,Tamil Nadu,Tiruvannamalai,Tiruvannamalai,Tiruvannamalai
1247,Tamil Nadu,Tiruvannamalai,Cheyyar,Cheyyar
1248,Tamil Nadu,Tiruvannamalai,Polur,Polur
1249,Tamil Nadu,Tiruvarur,Mannargudi,Mannargudi
1250,Tamil Nadu,Tiruvarur,Tiruvarur,Tiruvarur
1251,Tamil Nadu,Vellore,Gudiyattam,Gudiyattam
1252,Tamil Nadu,Vellore,Katpadi,Katpadi
1253,Tamil Nadu,Vellore,Vellore,Vellore
1254,Tamil Nadu,Viluppuram,Tindivanam,Tindivanam
1255,Tamil Nadu,Viluppuram,Viluppuram,Viluppuram
1256,Tamil Nadu,Viluppuram,Gingee,Gingee
1257,Tamil Nadu,Virudhunagar,Rajapalayam,Rajapalayam
1258,Tamil Nadu,Virudhunagar,Sivakasi,Sivakasi
1259,Tamil Nadu,Virudhunagar,Srivilliputhur,Srivilliputhur
1260,Tamil Nadu,Virudhunagar,Virudhunagar,Virudhunagar
1261,Telangana,Adilabad,Adilabad,Adilabad
1262,Telangana,Adilabad,Mancherial,Mancherial
1263,Telangana,Bhadradri Kothagudem,Bhadradri Kothagudem,Bhadradri Kothagudem
1264,Telangana,Hanumakonda,Hanamkonda,Hanamkonda
1265,Telangana,Hanumakonda,Warangal,Warangal
1266,Telangana,Hyderabad,Madhapur,Madhapur
1267,Telangana,Hyderabad,Dilsukhnagar,Dilsukhnagar
1268,Telangana,Hyderabad,Banjara Hills,Banjara Hills
1269,Telangana,Hyderabad,Jubilee Hills,Jubilee Hills
1270,Telangana,Hyderabad,Secunderabad,Secunderabad
1271,Telangana,Hyderabad,LB Nagar,LB Nagar
1272,Telangana,Hyderabad,Mehdipatnam,Mehdipatnam
1273,Telangana,Hyderabad,Kukatpally,Kukatpally
1274,Telangana,Hyderabad,Miyapur,Miyapur
1275,Telangana,Hyderabad,Uppal,Uppal
1276,Telangana,Hyderabad,Hyderabad,Hyderabad
1277,Telangana,Hyderabad,Gachibowli,Gachibowli
1278,Telangana,Jagtial,Jagtial,Jagtial
1279,Telangana,Jangaon,Jangaon,Jangaon
1280,Telangana,Jayashankar Bhupalapally,Jayashankar,Jayashankar
1281,Telangana,Jogulamba Gadwal,Gadwal,Gadwal
1282,Telangana,Kamareddy,Kamareddy,Kamareddy
1283,Telangana,Karimnagar,Karimnagar,Karimnagar
1284,Telangana,Karimnagar,Ramagundam,Ramagundam
1285,Telangana,Khammam,Khammam,Khammam
1286,Telangana,Khammam,Kothagudem,Kothagudem
1287,Telangana,Kumuram Bheem Asifabad,Asifabad,Asifabad
1288,Telangana,Mahabubabad,Mahabubabad,Mahabubabad
1289,Telangana,Mahabubnagar,Wanaparthy,Wanaparthy
1290,Telangana,Mahabubnagar,Mahbubnagar,Mahbubnagar
1291,Telangana,Mancherial,Mancherial,Mancherial
1292,Telangana,Medak,Siddipet,Siddipet
1293,Telangana,Medak,Medak,Medak
1294,Telangana,Medchal-Malkajgiri,Malkajgiri,Malkajgiri
1295,Telangana,Medchal-Malkajgiri,Ghatkesar,Ghatkesar
1296,Telangana,Medchal-Malkajgiri,Medchal,Medchal
1297,Telangana,Medchal-Malkajgiri,Keesara,Keesara
1298,Telangana,Medchal-Malkajgiri,Alwal,Alwal
1299,Telangana,Mulugu,Mulugu,Mulugu
1300,Telangana,Nagarkurnool,Nagarkurnool,Nagarkurnool
1301,Telangana,Nalgonda,Miryalaguda,Miryalaguda
1302,Telangana,Nalgonda,Nalgonda,Nalgonda
1303,Telangana,Nalgonda,Suryapet,Suryapet
1304,Telangana,Narayanpet,Narayanpet,Narayanpet
1305,Telangana,Nirmal,Nirmal,Nirmal
1306,Telangana,Nizamabad,Nizamabad,Nizamabad
1307,Telangana,Nizamabad,Armoor,Armoor
1308,Telangana,Nizamabad,Bodhan,Bodhan
1309,Telangana,Peddapalli,Peddapalli,Peddapalli
1310,Telangana,Peddapalli,Ramagundam,Ramagundam
1311,Telangana,Rajanna Sircilla,Sircilla,Sircilla
1312,Telangana,Rangareddy,Rangareddy,Rangareddy
1313,Telangana,Rangareddy,LB Nagar,LB Nagar
1314,Telangana,Rangareddy,Shamshabad,Shamshabad
1315,Telangana,Rangareddy,Shadnagar,Shadnagar
1316,Telangana,Sangareddy,Zaheerabad,Zaheerabad
1317,Telangana,Sangareddy,Sangareddy,Sangareddy
1318,Telangana,Sangareddy,Patancheru,Patancheru
1319,Telangana,Siddipet,Siddipet,Siddipet
1320,Telangana,Suryapet,Suryapet,Suryapet
1321,Telangana,Vikarabad,Vikarabad,Vikarabad
1322,Telangana,Wanaparthy,Wanaparthy,Wanaparthy
1323,Telangana,Warangal,Hanamkonda,Hanamkonda
1324,Telangana,Warangal,Kazipet,Kazipet
1325,Telangana,Warangal,Warangal,Warangal
1326,Telangana,Yadadri Bhuvanagiri,Yadadri,Yadadri
1327,Tripura,Dhalai,Ambassa,Ambassa
1328,Tripura,Dhalai,Kamalpur,Kamalpur
1329,Tripura,Gomati,Udaipur,Udaipur
1330,Tripura,Khowai,Khowai,Khowai
1331,Tripura,North Tripura,Kailashahar,Kailashahar
1332,Tripura,North Tripura,Dharmanagar,Dharmanagar
1333,Tripura,Sepahijala,Bishalgarh,Bishalgarh
1334,Tripura,South Tripura,Belonia,Belonia
1335,Tripura,South Tripura,Udaipur,Udaipur
1336,Tripura,Unakoti,Kailashahar,Kailashahar
1337,Tripura,West Tripura,Agartala,Agartala
1338,Tripura,West Tripura,Bishalgarh,Bishalgarh
1339,Uttar Pradesh,Agra,Agra,Agra
1340,Uttar Pradesh,Agra,Firozabad,Firozabad
1341,Uttar Pradesh,Agra,Etmadpur,Etmadpur
1342,Uttar Pradesh,Aligarh,Aligarh,Aligarh
1343,Uttar Pradesh,Ambedkar Nagar,Akbarpur,Akbarpur
1344,Uttar Pradesh,Amethi,Amethi,Amethi
1345,Uttar Pradesh,Amroha,Amroha,Amroha
1346,Uttar Pradesh,Auraiya,Auraiya,Auraiya
1347,Uttar Pradesh,Ayodhya,Ayodhya,Ayodhya
1348,Uttar Pradesh,Ayodhya,Faizabad,Faizabad
1349,Uttar Pradesh,Azamgarh,Mau,Mau
1350,Uttar Pradesh,Azamgarh,Azamgarh,Azamgarh
1351,Uttar Pradesh,Badaun,Badaun,Badaun
1352,Uttar Pradesh,Baghpat,Baghpat,Baghpat
1353,Uttar Pradesh,Bahraich,Nanpara,Nanpara
1354,Uttar Pradesh,Bahraich,Bahraich,Bahraich
1355,Uttar Pradesh,Ballia,Ballia,Ballia
1356,Uttar Pradesh,Balrampur,Balrampur,Balrampur
1357,Uttar Pradesh,Banda,Banda,Banda
1358,Uttar Pradesh,Barabanki,Barabanki,Barabanki
1359,Uttar Pradesh,Bareilly,Bareilly,Bareilly
1360,Uttar Pradesh,Basti,Basti,Basti
1361,Uttar Pradesh,Bhadohi,Bhadohi,Bhadohi
1362,Uttar Pradesh,Bijnor,Najibabad,Najibabad
1363,Uttar Pradesh,Bijnor,Bijnor,Bijnor
1364,Uttar Pradesh,Bulandshahr,Bulandshahr,Bulandshahr
1365,Uttar Pradesh,Chandauli,Chandauli,Chandauli
1366,Uttar Pradesh,Chitrakoot,Chitrakoot,Chitrakoot
1367,Uttar Pradesh,Deoria,Deoria,Deoria
1368,Uttar Pradesh,Etah,Etah,Etah
1369,Uttar Pradesh,Etawah,Etawah,Etawah
1370,Uttar Pradesh,Farrukhabad,Fatehgarh,Fatehgarh
1371,Uttar Pradesh,Farrukhabad,Farrukhabad,Farrukhabad
1372,Uttar Pradesh,Fatehpur,Fatehpur,Fatehpur
1373,Uttar Pradesh,Firozabad,Firozabad,Firozabad
1374,Uttar Pradesh,Gautam Buddha Nagar,Dadri,Dadri
1375,Uttar Pradesh,Gautam Buddha Nagar,Greater Noida,Greater Noida
1376,Uttar Pradesh,Gautam Buddha Nagar,Noida,Noida
1377,Uttar Pradesh,Ghaziabad,Loni,Loni
1378,Uttar Pradesh,Ghaziabad,Mohan Nagar,Mohan Nagar
1379,Uttar Pradesh,Ghaziabad,Ghaziabad,Ghaziabad
1380,Uttar Pradesh,Ghazipur,Ghazipur,Ghazipur
1381,Uttar Pradesh,Gonda,Balrampur,Balrampur
1382,Uttar Pradesh,Gonda,Gonda,Gonda
1383,Uttar Pradesh,Gorakhpur,Gorakhpur,Gorakhpur
1384,Uttar Pradesh,Hamirpur,Hamirpur,Hamirpur
1385,Uttar Pradesh,Hapur,Hapur,Hapur
1386,Uttar Pradesh,Hardoi,Hardoi,Hardoi
1387,Uttar Pradesh,Hathras,Hathras,Hathras
1388,Uttar Pradesh,Jalaun,Jalaun,Jalaun
1389,Uttar Pradesh,Jalaun,Orai,Orai
1390,Uttar Pradesh,Jaunpur,Jaunpur,Jaunpur
1391,Uttar Pradesh,Jhansi,Jhansi,Jhansi
1392,Uttar Pradesh,Kannauj,Kannauj,Kannauj
1393,Uttar Pradesh,Kanpur Dehat,Akbarpur,Akbarpur
1394,Uttar Pradesh,Kanpur Nagar,Kanpur,Kanpur
1395,Uttar Pradesh,Kanpur Nagar,Unnao,Unnao
1396,Uttar Pradesh,Kasganj,Kasganj,Kasganj
1397,Uttar Pradesh,Kaushambi,Kaushambi,Kaushambi
1398,Uttar Pradesh,Kushinagar,Kushinagar,Kushinagar
1399,Uttar Pradesh,Lakhimpur Kheri,Lakhimpur,Lakhimpur
1400,Uttar Pradesh,Lakhimpur Kheri,Palia,Palia
1401,Uttar Pradesh,Lalitpur,Lalitpur,Lalitpur
1402,Uttar Pradesh,Lucknow,Aliganj,Aliganj
1403,Uttar Pradesh,Lucknow,Gomti Nagar,Gomti Nagar
1404,Uttar Pradesh,Lucknow,Hazratganj,Hazratganj
1405,Uttar Pradesh,Lucknow,Lucknow,Lucknow
1406,Uttar Pradesh,Maharajganj,Maharajganj,Maharajganj
1407,Uttar Pradesh,Mahoba,Mahoba,Mahoba
1408,Uttar Pradesh,Mainpuri,Mainpuri,Mainpuri
1409,Uttar Pradesh,Mathura,Vrindavan,Vrindavan
1410,Uttar Pradesh,Mathura,Mathura,Mathura
1411,Uttar Pradesh,Mau,Mau,Mau
1412,Uttar Pradesh,Meerut,Meerut,Meerut
1413,Uttar Pradesh,Meerut,Modinagar,Modinagar
1414,Uttar Pradesh,Mirzapur,Mirzapur,Mirzapur
1415,Uttar Pradesh,Moradabad,Moradabad,Moradabad
1416,Uttar Pradesh,Moradabad,Rampur,Rampur
1417,Uttar Pradesh,Muzaffarnagar,Muzaffarnagar,Muzaffarnagar
1418,Uttar Pradesh,Muzaffarnagar,Shamli,Shamli
1419,Uttar Pradesh,Pilibhit,Pilibhit,Pilibhit
1420,Uttar Pradesh,Pratapgarh,Pratapgarh,Pratapgarh
1421,Uttar Pradesh,Prayagraj,Naini,Naini
1422,Uttar Pradesh,Prayagraj,Phulpur,Phulpur
1423,Uttar Pradesh,Prayagraj,Prayagraj,Prayagraj
1424,Uttar Pradesh,Raebareli,Raebareli,Raebareli
1425,Uttar Pradesh,Rampur,Rampur,Rampur
1426,Uttar Pradesh,Saharanpur,Saharanpur,Saharanpur
1427,Uttar Pradesh,Sambhal,Sambhal,Sambhal
1428,Uttar Pradesh,Sant Kabir Nagar,Sant Kabir Nagar,Sant Kabir Nagar
1429,Uttar Pradesh,Shahjahanpur,Shahjahanpur,Shahjahanpur
1430,Uttar Pradesh,Shamli,Shamli,Shamli
1431,Uttar Pradesh,Shravasti,Shravasti,Shravasti
1432,Uttar Pradesh,Siddharthnagar,Siddharthnagar,Siddharthnagar
1433,Uttar Pradesh,Sitapur,Sitapur,Sitapur
1434,Uttar Pradesh,Sonbhadra,Sonbhadra,Sonbhadra
1435,Uttar Pradesh,Sultanpur,Sultanpur,Sultanpur
1436,Uttar Pradesh,Unnao,Unnao,Unnao
1437,Uttar Pradesh,Varanasi,Sarnath,Sarnath
1438,Uttar Pradesh,Varanasi,Varanasi,Varanasi
1439,Uttarakhand,Almora,Almora,Almora
1440,Uttarakhand,Almora,Ranikhet,Ranikhet
1441,Uttarakhand,Bageshwar,Bageshwar,Bageshwar
1442,Uttarakhand,Chamoli,Gopeshwar,Gopeshwar
1443,Uttarakhand,Chamoli,Joshimath,Joshimath
1444,Uttarakhand,Champawat,Champawat,Champawat
1445,Uttarakhand,Dehradun,Rishikesh,Rishikesh
1446,Uttarakhand,Dehradun,Doiwala,Doiwala
1447,Uttarakhand,Dehradun,Dehradun,Dehradun
1448,Uttarakhand,Dehradun,Mussoorie,Mussoorie
1449,Uttarakhand,Haridwar,Laksar,Laksar
1450,Uttarakhand,Haridwar,Haridwar,Haridwar
1451,Uttarakhand,Haridwar,Roorkee,Roorkee
1452,Uttarakhand,Nainital,Nainital,Nainital
1453,Uttarakhand,Nainital,Ramnagar,Ramnagar
1454,Uttarakhand,Nainital,Haldwani,Haldwani
1455,Uttarakhand,Nainital,Corbett,Corbett
1456,Uttarakhand,Pauri Garhwal,Pauri,Pauri
1457,Uttarakhand,Pauri Garhwal,Kotdwar,Kotdwar
1458,Uttarakhand,Pithoragarh,Pithoragarh,Pithoragarh
1459,Uttarakhand,Pithoragarh,Champawat,Champawat
1460,Uttarakhand,Rudraprayag,Ukhimath,Ukhimath
1461,Uttarakhand,Rudraprayag,Rudraprayag,Rudraprayag
1462,Uttarakhand,Tehri Garhwal,Chamba,Chamba
1463,Uttarakhand,Tehri Garhwal,Tehri,Tehri
1464,Uttarakhand,Tehri Garhwal,New Tehri,New Tehri
1465,Uttarakhand,Udham Singh Nagar,Rudrapur,Rudrapur
1466,Uttarakhand,Udham Singh Nagar,Kashipur,Kashipur
1467,Uttarakhand,Udham Singh Nagar,Khatima,Khatima
1468,Uttarakhand,Uttarkashi,Uttarkashi,Uttarkashi
1469,West Bengal,Alipurduar,Alipurduar,Alipurduar
1470,West Bengal,Bankura,Bankura,Bankura
1471,West Bengal,Bankura,Bishnupur,Bishnupur
1472,West Bengal,Birbhum,Suri,Suri
1473,West Bengal,Birbhum,Bolpur,Bolpur
1474,West Bengal,Birbhum,Shantiniketan,Shantiniketan
1475,West Bengal,Cooch Behar,Cooch Behar,Cooch Behar
1476,West Bengal,Cooch Behar,Dinhata,Dinhata
1477,West Bengal,Dakshin Dinajpur,Balurghat,Balurghat
1478,West Bengal,Darjeeling,Siliguri,Siliguri
1479,West Bengal,Darjeeling,Darjeeling,Darjeeling
1480,West Bengal,Darjeeling,Kurseong,Kurseong
1481,West Bengal,Hooghly,Hooghly,Hooghly
1482,West Bengal,Hooghly,Serampore,Serampore
1483,West Bengal,Hooghly,Chandannagar,Chandannagar
1484,West Bengal,Hooghly,Uttarpara,Uttarpara
1485,West Bengal,Howrah,Howrah,Howrah
1486,West Bengal,Howrah,Bagnan,Bagnan
1487,West Bengal,Howrah,Uluberia,Uluberia
1488,West Bengal,Jalpaiguri,Jalpaiguri,Jalpaiguri
1489,West Bengal,Jalpaiguri,Alipurduar,Alipurduar
1490,West Bengal,Jhargram,Jhargram,Jhargram
1491,West Bengal,Kalimpong,Kalimpong,Kalimpong
1492,West Bengal,Kolkata,Salt Lake,Salt Lake
1493,West Bengal,Kolkata,Dum Dum,Dum Dum
1494,West Bengal,Kolkata,Kolkata,Kolkata
1495,West Bengal,Kolkata,Behala,Behala
1496,West Bengal,Kolkata,Tollygunge,Tollygunge
1497,West Bengal,Kolkata,Jadavpur,Jadavpur
1498,West Bengal,Kolkata,New Town,New Town
1499,West Bengal,Kolkata,Park Street,Park Street
1500,West Bengal,Malda,Old Malda,Old Malda
1501,West Bengal,Malda,Malda,Malda
1502,West Bengal,Malda,English Bazar,English Bazar
1503,West Bengal,Murshidabad,Lalbagh,Lalbagh
1504,West Bengal,Murshidabad,Berhampore,Berhampore
1505,West Bengal,Nadia,Krishnanagar,Krishnanagar
1506,West Bengal,Nadia,Kalyani,Kalyani
1507,West Bengal,Nadia,Nabadwip,Nabadwip
1508,West Bengal,Nadia,Ranaghat,Ranaghat
1509,West Bengal,North 24 Parganas,Basirhat,Basirhat
1510,West Bengal,North 24 Parganas,Barasat,Barasat
1511,West Bengal,North 24 Parganas,Bongaon,Bongaon
1512,West Bengal,North 24 Parganas,Habra,Habra
1513,West Bengal,North 24 Parganas,Barrackpore,Barrackpore
1514,West Bengal,Paschim Bardhaman,Paschim Bardhaman,Paschim Bardhaman
1515,West Bengal,Paschim Medinipur,Kharagpur,Kharagpur
1516,West Bengal,Paschim Medinipur,Midnapore,Midnapore
1517,West Bengal,Purba Bardhaman,Durgapur,Durgapur
1518,West Bengal,Purba Bardhaman,Bardhaman,Bardhaman
1519,West Bengal,Purba Medinipur,Tamluk,Tamluk
1520,West Bengal,Purba Medinipur,Haldia,Haldia
1521,West Bengal,Purba Medinipur,Contai,Contai
1522,West Bengal,Purba Medinipur,Digha,Digha
1523,West Bengal,Purulia,Purulia,Purulia
1524,West Bengal,Purulia,Raghunathpur,Raghunathpur
1525,West Bengal,South 24 Parganas,Canning,Canning
1526,West Bengal,South 24 Parganas,Diamond Harbour,Diamond Harbour
1527,West Bengal,South 24 Parganas,Kakdwip,Kakdwip
1528,West Bengal,South 24 Parganas,Baruipur,Baruipur
1529,West Bengal,Uttar Dinajpur,Islampur,Islampur
1530,West Bengal,Uttar Dinajpur,Raiganj,Raiganj
